physical_part_id,status
gAAAAABnRuZgAoqNQjjoDuu0E4cO57PH72_QhklYwH70PTUEFRY7Dbjisrepatgx1ZYVrce548t0o_pnOD-rtNmow-nra-n73ZD7XjuvTtJ4Ylj6WzRYCaE=,1
gAAAAABnRuZfDJPc3QznWGhN3RJVNfzbiTXh4Mg_64bl0rdCwzJvBz98KMAmng5qtFPwhnfCICeCgWmAeK7ElTZBBXlgw4yrqt0fyuVk6mQVtr1XdeIAmnE=,1
gAAAAABnRuZiFBOFlikwT7VY_tyGwj1To3zDBKCRcThbejU27v8npFj1LvHjLNtXbd29_2gBO71kz5qjg5O2FY5IBg6F0UB2GD96kXbR-P-Po3hdyzXOVx8=,1
gAAAAABnRuZgQscFSxXX4gZ1XsENzHZeEDOji7vbzecJ2wqHOB1XznLDJ1Uy__88GNEAns_Daf4y3ILsMZqKQ9ypVrBqNf1mCGDLMJRu_Y8xuBkTcDcqCgE=,1
gAAAAABnRuZhkoAxb0tnVyEOCy2xo_FRpNNe8P-yIXnXcXRaDIkClLGTrg_K078GiibHsoZvthBQTfqH7Pxotvp2F-Df5h5yXwzKsRb01FgZP8o1X0I53sQ=,1
gAAAAABnRuZglja5wE5LbAczJPMWQeMBFkVrFHpijyZ1Cxqyu2LAzu5jMVD4lvIXEKDXfQC8Fg_ZhTCNmFD2GYZrslTCW-YTO_0fGJzPIWDEvfFt4Zq7A74=,1
gAAAAABnRuZinU_S0c7mwo_H1MVE7fVFlJiNDM0qXvh3qVkTtnB0qwFHHF7MRv2yxeH7q5m9HzVVvITxDwuZNtrYiamK_lMVRM6_CPdQHI9tDumr2oj8g-o=,1
gAAAAABnRuZgRWwbRxrbScOZbi-w2Dx6jaxcoya2kNrAYGImuLFMRD7FTi3u9y3BARJfX1BWSbiLshXbSkEUsLPPNTY5kBYcwWwvgbsFSlcDu-vHYRrU0cs=,1
gAAAAABnRuZhiL9jCA7GCylJcN4j84QFAlXo60gxhBmnfXXrM_VCTKc_u9WHKKBV41-gdEMHBn7hAyWuxnln8XDPS8rzlvKEWOwVY6XhMxsQUkG2yJhT91I=,1
gAAAAABnRuZgQDTlQVkBWn8pccqp_NDC24_fqLoxtQVPOJFYa-n6Z7084o6AfvUr6rA3UcX2-pfNawNVpdEZIHZOSto7Rxrb8DbJO_xXJQwwconeX9j-hZY=,1
gAAAAABnRuZhcSTqZSLjaCmXZwsNFPsFJp56U6GgJlM9O1-i68t1P5cNCWobPDR8zsqlakSkNq2r9Pqei_I9G7kBp-yN71bjP-39xfiorBigzCADpMb6Chw=,1
gAAAAABnRuZiwwgtDZ2JeKb6jMhWrQU6SHlfKbotkuBhJq6l3HVza1LAED3fYu44-dFbhXzkEK-Ip6fk9rFqAQ3ow43Lakdc7CQwaSY-A-okD5z-c0Z8HLA=,1
gAAAAABnRuZgwKORs1MQvM4eoODLt9ICp28aAMFNu4KVDX1BBPb_6s7see_KXQffCkLv-iscSatTNzKuhmF9TyKIjghoYrMfQkjFNxMKDzHB3tq7_dW3pN0=,1
gAAAAABnRuZhVrqr4eWeQZwiYRPthoO0kpRQ2J7kHaBF5qokrgKBdwkTISRqs7qSBLx6AAJGgEYOhEsjufwLC4B-YDwLkIZM0GyK2KUr4x_6ez3TCXOM3Fc=,1
gAAAAABnRuZi-CKonFcachrb56w4RmDp_EpEeM_PKhHUdiuZhrmzWKdtcStG2-mB68ES-TYQ0wVKs7PkcxPx7wDI_hMZ30SvizxRl7greUJ7wy9YVDolPgM=,1
gAAAAABnRuZgMuWueNbYCUHJCE6spmdvvnoevtAJvfFMXtUekx5ZJl9MwptvMCml5mzIpGElLVI-qPWj3tZTmedqRnTkalePYfHpJP5P_wMN7qL-U6W_XbU=,1
gAAAAABnRuZg_qXB9HE4qiCI2XwsC4M4Zif4mswBoHasJmVYxGRWhrynwDCRoKenCrMBxZ0joG8xXsCqqUMEINjA8vsphRJioEJbmjp2KRDXvS67exeeHQA=,1
gAAAAABnRuZhU2TU8amSGyt1oSu2DLxSlVTgb1DMJl0oUoPDI2cBDFWIcJx4QqY6Zl4pWIqDiii_jCa_ae5CnKePc0ea_kF2nWjtZmYBjTvGVrUeIMWSa0c=,1
gAAAAABnRuZidPMcSAfoKjyRfoygrEE2hj6d64hA5imz0_owfjd-bfwgI9_QxovDYcD63btikc-q1jSHBaMgVn_AioqXl1A3BCoRTEE34GDFKBmYp_GdInQ=,1
gAAAAABnRuZieo1X-Hvl_urbsXR3cYKDFSdgnjZK_rxU8PAyIS67BuA35eOG8AnS9FvzsMyFxorwRiqYTyteHEaDQwWXqBcQO_e29_Vd_mqVlta3C8HsbeQ=,1
gAAAAABnRuZhXSsmMCnH61HPolCisj_B4D_19JrjTFFFdjqBtBgwxVNcnZ0Uy_Djn_uq88KrwQAy3RAqaTQ7X1ChJvD0ACZgz6VzVqmEWuxUHVmoRyiTCwU=,1
gAAAAABnRuZggZIoAHuVsDYWy12mmzKNA6PEZZUn9EOLyRZRUb_Q-4QuUn9U67rsBjK42GCOm7C-cyu7LO6pW3AJ87pzDvtLQn-WNauAcJP69OpP_1JHN2k=,1
gAAAAABnRuZgGPoQfk7vOZApqNDwSQMN9hCMsBpuf-NofZweWaT-3ztOguQR74UI_FSlpBt1j7CNWN_MVtzcLaSNmPN_cEw6ru3Rqvp2dww3q-3VhzzHUuY=,1
gAAAAABnRuZg4hK_mtx8rnC0VOpWBRmBaINQpejgARobEVdBdZjaw3ia5CP7J7p66QhDA3S56hDHcyodCZ7dbrzuFvwtgi2MrHqu7JB2cglre168XtnpBhQ=,1
gAAAAABnRuZgR3__0fJCSeCZJFJXHAlz62DmdSEvkowHAleoCzpBpheXmhRV-kLHO_ykiUgVoUd3IC9dpNYMnAza-vNIGKgKhuOwGR9AV6Fe20pKD-Vnyco=,0
gAAAAABnRuZhyXbf7VhK-JbVrf3XkJJeUDiokAnPwqrV8DaAUDUxUrMM0wyIIYMEoFVngtFXLeELI_mf8PXpCeVARUwxGSzDVdvuK_gcHUi0GiM8YMJ-z-o=,0
gAAAAABnRuZi7zhbD6e2b-b8jnZN_NXTzxR8TSgVGygsGsHFEo0DLxqFuIKE2vc4UJWW2SJzifOT6Fg7lKB69wPpVLEXuQdw-EPIOBiJZmo4Cpnf2d39tvY=,1
gAAAAABnRuZgn8YKIVg6i2CXEmQVm8Mjl8AE5xkbTrTo_2ERcSk73vo-v3UQov_AfDcobcrT1k1febpPKUbZqhQb5GK47IIBMPaD4T8tkNvBX4pPukkzmvI=,1
gAAAAABnRuZiJWu5Ydb7ZV-fX29bX5vW47Fz4FSiKh0nHn2LmwS4YCnGKH-BM5QNZRVXeUtvxBeiMkOD9brHcT0ZBqmeaHral3NNTQY6TJQMqLZ2DtoD64M=,1
gAAAAABnRuZfE-QLYr6PrmNVja-t3CNhRMwU-_d8dtqkz5olCu9-0WRIAfG6dYDOSP0LeU_8WV6mneqNPcecw0mHfjQz-AUSl3qHQEtHQZFdm7pou81uDww=,1
gAAAAABnRuZg1jBJie9tZQuCV2NN3ATlpoXtDnkkq6qNUcdcJJZwBb1R7bK-erLBgeT-EprKmbOUVJ2ez5LEkuDhmkAXK_l98g6GLesyRPAFQtvk5zzLfLM=,1
gAAAAABnRuZiDiJVnRPkE9xp-TtwPscHML3v-ZKIzFHqE57jAqhwdUJ3zBaOobrrOjAwP5LkaoDrSVNHt-5AiNOWxdCihLRZtYEqUTQL_pkPJwwQpoS0yzA=,1
gAAAAABnRuZiNpgiq4TYi5-HWlY8Heeq6TuuR3jcfpvhzuuxt2Ja719BvL7y2yAbnYE1L83C6q-5zyqyIMpbG5pwFXZiHJfGVmOjNWjgAMvayXyyRmZjQ7s=,1
gAAAAABnRuZi5BlM9oh5PZm3Wi5ai-9heE3YUP5VlOgivg6Kb07zzXyzCR4GXc9ihWuFBun2G0RmhvoxcoDc9SlAXnl75Wq35wX71dxTq7GtxyjJ3L2BZ6I=,1
gAAAAABnRuZgbWwnGnttI0cxSYxByGRc80YMLIjzbOJohKCr8NlPdsbefRX4apYLO8_lXcNC6o9JZl4iQ2FBzgQbQzgVfb_el_HIe4Fb9h1OTBVG83IxPeE=,1
gAAAAABnRuZhIxGuWFPp4Uj0JoJ_4OVti6uxuk0eSPSdbKlTxdcGAjTBE9R6_8YX8KZ8Ojkob6S8_8lTFRCOeMShqox4vPvoLkk_v5kluuVrvM7JlxSxrUI=,1
gAAAAABnRuZgDQRXaX46RbliXyDfIv5cduZMceBSTVQfsIdwo02-gSXCySzVNIM309v_Wv4UB7pTTVZ0UhAmyxuv9usBze8zcSiJI8jkL79tJ4TZZ780uew=,1
gAAAAABnRuZiWQ_UwEPtPnh0pXH2jO4YY7cI_3zeOA6yH9ZCMehboE5MrApY2fw-_SfaUVnQXxgAxUaS44SSYJiSQ2F1Unl8RN_bWxJCtFZoFOqgrEn6OmQ=,1
gAAAAABnRuZijMVdECv7TdYERF8jwTUei-aDfmNhw-_P1ktH7GtYBSOxhyabquUOu7KHYX_5yAmRJbAybI-QcHIXLZnFloGXXATsx4LPnYC7ZvgsJdt7qdA=,1
gAAAAABnRuZhp8MMB0MT2ijPMGIRZIjrl7_656sACstU1emKKLF65Mc7JXbL9omcRocLj2XZIsiZzrC-l53Njq4e28JTCU9_sB49M9JbCV2KACsRSAbqcog=,0
gAAAAABnRuZgdr8SJSxRRAgl885OOLvCZsYGPuKFFbhkSRo6qvBorTxvfalzDPIyZsALb_5o0na-deuJkvUFYweRNAFs0JiUsXG9NsKRRj_FupdXst3yW1M=,1
gAAAAABnRuZfuCxkm4_HRd0caf__YuLKeWY-0IRCQlw6lP9xrESS8-4LL8Uqul4O25HrdAEXciaXPpH1iiEYD_KMQeVXOcx-P4gysonL4YqGFps5Y-8BkmU=,1
gAAAAABnRuZiy1HJwsGyQV6nr7piTUiDZACgJdiXj6pD7D_aAcd5CXjJaiHjkOyYjWEn2b1vmGwEvErIhcauCXU1bzLKTAWDXcrVEJCYAY9HceyH-h1J7H0=,1
gAAAAABnRuZhe5HyyXE4NgxqyUC4VAcs-qlYL5c_9w0UuAYZgex0ru6RILSUHiVNDzBpiLI9AR4IQfzmGbndgR6ttGR5BQQGVpUzliTdmHl6cqHtCk2yA04=,1
gAAAAABnRuZg24PnNmTBSxEUv1b2xZp80gmePZoI6Z0mrzY2uT0bgfpqCRgchumTxCos-DA2qUnw_J-Oco2x5_mCWoq5hfiunrwbl3wQ3fjXQXsbzDmGq5Y=,1
gAAAAABnRuZiBy4jbarWYR1FwqqNiDEmMlm2ZVtbiQrmGrh7Rqkv1qjcR-N1nUsgZ0l12wafFS3aAfVa2rJgJsXlTqXBCdncJmc82FtxWd9ltBVghig4fes=,1
gAAAAABnRuZgpSj_fRGV9VNPH0fimujfXopV_CUL2zFqM1ps7N4FDN4gYfrXu0uEiXj6EhEUTwFivxiAdM9ReuIS39L5DzC9niNuFco-gpa8IA6k9alwhzo=,1
gAAAAABnRuZgzAYSBetkwgQMBlrAMcgVeXrnKBFR2zYnEksPu5Rbi5xBrFYFp4xBP-jixGZfVXvvdqsTbcIH6Zp2D0yu111rx32hzk33bNUSZfJ2MHtuJtA=,1
gAAAAABnRuZgF0gRkY4xn-LSKr9DH2UHmBDRIBPGUjB0WbM15vpBWz46hVmbXEuFF3nkSFYXkx67IXzroFeunNj6Y7BFGexVzkxBjGKGIw2dVNgnLzunj4c=,1
gAAAAABnRuZiFe8oWRzWQtp1JT3ityy4bXVtMf-Qr7iscbfBPyApn1escKJCaze140RrCkoDt32P-8qFlqGs75t47Lphd2ZGtucmuAY1ulfl_onzaaB7Ua0=,1
gAAAAABnRuZh8Y-NW-sk1nVKKjGd3GSvQnjf_MVVAtjrR8h1d85tG9ZkD_Uj5-6bQsZXNBR_1Dsb8QfIocvbGh_5WHMmUAeceGfp3GCJz-kfP6wir3IsVds=,1
gAAAAABnRuZh2arpLs4ufgGWsfbGJDouOD7d39MCOv0mtzC34O8I1JKoJ4OFDqNVpciytnxr0aNg4Jgw4BeUqoFsMeNt4b8I4w93cFjvC0mbXFbtTS0HStw=,1
gAAAAABnRuZhBhJcn4j-mu3ITZU_CCrlOmcBhJqGtmaM-V-BsDbqsQK9XK-xD_29SBrOvCTHMT9RYeE8D41pk7wObaUBzBvlQieePIsCDIHgBUX-6B1CLl8=,1
gAAAAABnRuZh6ZAFit9SetceDfXJPJhhdlUfoDrRYy4aSLar2NqhN68D2TRdRuFzLkagQYMumzwJTDRpOYQxP_kV_ubR6qQeRWL2K5ko5XPIfty_fNIwPOg=,1
gAAAAABnRuZhUzmAMcp4IGPudJmXea_Izxa3UaNPbnn0ZG3fFyEzhIZWEbv3CFbhh9SsYfen2UKRUV8YIBJcb255iYmkgCFXxhCo2PcUjQmGuMREVAUP7lU=,1
gAAAAABnRuZh1YIryABSkX6ikQU_jXM14u6W_n_6vPE27H441hA--n-7nySYnop3d18TRIUVOrcWO-vDsiWqJuI-WPT0but4crthgvl8A_1rnXqR7qGqOKI=,1
gAAAAABnRuZiGeu_P8jLZM7kljLlXEq1D4xIF0QZI7JIlxuOj03GNUhxq6WLERm-J_CkW2j5zKxyukffmu1mDZSPjjeAra0ajar7LB7tsf5BcrQBjlA52Ng=,1
gAAAAABnRuZhIPze8AneDYjZyHXB4fAvv5y_R5sWFKXpY340tPk2x5oHqcOE-QGcGWHhVopSA4J0sLjYT-f-_M-ImSIySrDV1CqAkoXTLKjczjTn1-gEG_c=,1
gAAAAABnRuZg2TbrVlOYJHh9admKMdpi4WpThoAxPRMhKaDuq5ok9sCmeA5OMoU_Y162_r7hEsgBpZpdIhyc06CL-Qi6hOSkddYMBeXfi1V_NYno8iNeVu4=,1
gAAAAABnRuZg3aMKInCJDiEbq3zW7ec-kZl_XeHUguJqRvONyO_OZuseKwQP_f4T1ed1MKpjUUOrr1FAonC9Pk5CRIjWLCPXgg0X-_BFIZdUY43hV_O_Vns=,1
gAAAAABnRuZhsJ2cQUWhC7ZdFuhJGxf4ctM2ChsHAVoO2eo69m08aFDagRx9_PD6Zwsw0mkLm5Fi-h89qCm0j2KzBKz_gi59O0cIoyetZAE_1sg7Jun3zQ0=,1
gAAAAABnRuZhx7N3fjvcZ4c1z8CJPmDpdP9dPfxCUdG0XRPQwn-ckrZ6sKtPFawq3x3bedAXLjvltpnkSPG9A-zZqNaj_XUFNtU17EjtC4xabQCjauzpgWc=,1
gAAAAABnRuZgnl9V29OiCkw-3NfvQPH8KI34Xp2TgXnEczCsLAlCbWw_1q6jEXhGsZCLPkDA1cFeierDFYJ9WPMgC0hEJ1MvEtRyt8dq-v825xDI0dmTzoE=,1
gAAAAABnRuZhnUFGm3COgjCaavtokcldFGDLur6_0avCJeY3g1UK4FQkISDHyk6LVTyDo_1A3a5NqbtMjxsOS-VGvR_iCYNqFqw1VaTZt3iJSAzcIagnqlI=,1
gAAAAABnRuZgrUYM9efh7hxt54taUeTTx0oUTsgnBTF2h5g368goPY2JyFNrDHnp1yCTGIriEPJAxKMV2v2SwRRxdZHZegnESxc4AvT-Eo8xwhbybRRn7z4=,1
gAAAAABnRuZhGVq8l8ITXHLNk6cD4rvcgUrt2-HQZzY49JdZaMiUItfNcXfWQO6couJu06DT5STV9KEYcMrkXY4NUr1LIliM0bg_dNdi8YO2OsHymTT5krw=,1
gAAAAABnRuZhwlKyirv4yVdiMdOdTxllbPXHCqn-9aWXdC2pzx_6iNglEsrRgNdVh-MxVcuB-yz6JODErTppIlFreUpC5m_DFXJnL2_K7vMN1Yc0qdk-7qw=,1
gAAAAABnRuZi2n0UWK1iLgtji3Qb2En5uJwTtgNfLkYhParHu64I1-qu_afp-359nvLoSNsL-MeaBWF-tESiPfwxTKgwUisoGsI7vLEG5q4ZP8HJfZybgP4=,1
gAAAAABnRuZg2DrCqPysvKj2KMHqYYbAm1Dd6b6tZJZx1UQrPBM7Od8s5NESjCP1zPvGhXjDcfLUmpHCslzrD2YnNYhR4T-OODSalF-KWLO7xnsOFeqFBU8=,1
gAAAAABnRuZh2-yHWAKoCRZhRT_dRgXQXmrQMYptiWWywghvjo7J2W8CE_oo_d7cizAKbt4mb1gFmAZ6Ws_Woq6tWehMiXNHp8Sk42Mhhm-o6pk9IdtRk8k=,1
gAAAAABnRuZg6pE1vQDvSr5-5iS-AsprkRAII2pZCdY9n6B5McAgVd4faQL26bgm7I249KNVF2yb0P3RbHJEoIPj0ZXEu-m8HoWjA5AJgAiRzPGExGTZkJk=,1
gAAAAABnRuZhNgCtTpKWllVAsxDdhxVdU4EjdKgAt0HXYxRcXdpc5guaL4me-9hDsGti07D-lf2sbr_48kj79svdRrxyP6tNvm_x1iM10UDsWNp4VApPcB0=,1
gAAAAABnRuZhKU5nxFJxYCWisIxiXYS0uDsYELW7pcfmvDdiXidEEsIW24_geO0Kf6HdrcFsGAYpXVQefVA8y149CEKlYcQc7c0leE3hQhaR5i6Fwz2CSAE=,1
gAAAAABnRuZgBekrpDjEolKjqXOeW9NEHAQ8V-cRnLVcob0CobfF7Iso5Yr_mxsyaq_vL-KwNBlLSD_FrVsyQJoL67O-WiJ-O8I0ZMr0c3JPrdNbpwAifkw=,1
gAAAAABnRuZgI2VyE7hSOpAcvnFCA9iKqJ1sNm7dBJGdHQ2QQCPwiKj_d_4fVJ9Z599S_CuVhd1XmkTqFCLsznDfUAZvyak9MmZgu9Wg3S3c1jYctnwRqFs=,1
gAAAAABnRuZgMKimlUqunH3dRM4ELWf2zE3DHFvFy-SmuEJpuq6n-xfMV7FlOmMiQlJ0FWvwGXhFN3ccJciXQ9kOo28U8LkYUoyd5m8qeX81etseA0EObuA=,1
gAAAAABnRuZhqUVXJy75PQJPzBjSeKCgpk7gNvLTJLlq68H2l7ze9OngRN6FD8qYyFC4dAZGqLSXu5TUSZ4tq-oZTpzuXePFqOiLiuxarvpbF3h694qaCFs=,1
gAAAAABnRuZgaBKy0B6p11eDXCXWlkCKG1tv7nnFl44xT47DWAIzFxB9uyRXCAtjB72gjUyDrNbCs3Mk5SMyWycAziGBLJHB-8ixZV6s1g2Ykx-PyHXki_I=,1
gAAAAABnRuZh-1JrrVp0lJCjyusPkrb0kK3DlqRJKvILYluq7749o273HI4qQR3MKxWjXCZEXjSmwjj1LI4Q0JyFB1xHtXCJw2LP2nBaMRCFXv_vLWwo1c4=,1
gAAAAABnRuZi0roZ37r6ByHtZa4SZDLoiBrKAC00HS3mONud3C8Q8HraeVIdu4N47k-mOhume0o2r5_LR9sfO1P2wIlshNYUr3iuT4jIFwy-12kn_I0dLWI=,1
gAAAAABnRuZiYAIeHppsYElZf_gp0lvi-GRA4Ynco70MnkNvZ8ac4trUQ80Y1eP3YlhOdVuTNzL4iOMJjkxtsRz9M3oZLlr1a-MLjB95Kl6Ho77QPfV5kbw=,1
gAAAAABnRuZghacHoyoUvhTurdXWyjYfj5lmtSiqYNrFCj55QqsLjtRmcoh7w0CO80le113DQIB2g1Pecyx2_oUrY8eexQfE5RLUpV9daqYfjbft_aJMlAQ=,1
gAAAAABnRuZgUFy5a0s5FpdkFOfWb_UUdrfJWhWAK13jWijfq2fXbi9npty2vqwycREV3jgf0CHu_JcXff0c-J0buDinX4ngIPo5MmViKPUKEeQ9zCbasoE=,1
gAAAAABnRuZhHTlqAx3MVtqoPIdgHa8SGBqG-2q9ZEroNXaE7-kAZLD-v2S_7ztv7sQATQL7Wuf3x21k3wZ5-FmY5_fLktMxJwhvXGJTy1OnMJZATnkUF04=,1
gAAAAABnRuZgxKWXtvPmYeYLy-46jQKnivFwO-EojPXrhEMi1CSLPgK6ukuaBV7UeZvOj2MDADiSI_ljXic5P7XjYwt-g7GDSuc-kFecywNtTz1sLsOF7aQ=,1
gAAAAABnRuZhOp5kVw4sInQ9g8CxM_kQlVGo49yIauwR7geeru2q5Ev2MiUpRgBI7PiXUqqP0yLTLOplWz2_QIfgnEbXf0cRYD5DRLadldSy0J1mfxha658=,1
gAAAAABnRuZhCP4-orakZ68iPHHVeqv7EvHLjjCDrJlsbrt9XrWm9th8rpY62_AMT4DsvC_4k1t7fnIRXTTdiqMRhHMHqOO-ToxN93pWdLQMmInqZqqpTJw=,1
gAAAAABnRuZfl09wzmeBhXb9MFVIeyd0qwEArTXHm-qoTI06RW-RGRIjG9z-os93ClaEj67AkHedVsd92TRl5EkfEdQUYOO1wYFNzsoH5MqS1b4RiUR5Ckw=,1
gAAAAABnRuZh30MjnhsMMAz0zQJ0Mi9igcYKlwRwiR8IeKglrq38p0BvB-gc-MZ5g3WZ1KUy0Ou9kNCkAR_iqWY4RKmoGGJ-uNfomT3dBoOdOnWsdAxBsyQ=,1
gAAAAABnRuZgCbMuz0lV2ULj7qd3PveskTekv5b21azZxgrDouvB1joUGMDDqoYXHQRf3NzNhmnyVQGMBXM_InIMrffCBHb4vU-bdfy30XlioiO6tReTRYs=,1
gAAAAABnRuZgOK9eB3RnEXk22J_0u0h9g7CG4mrB6J-6fgRuQAQzEWdrIV_ScjHCuvh49PgffDtaXx8E9QhPiPL0Lq3Q9NR4UP3cKZWsKaIhdQXGS4g-CAY=,1
gAAAAABnRuZiCw0Y1W3EN7nTO4baC9Qa4ZsTbCU6J0jm7xX_deNx-UfedMJiDVTwUZgZC7PJ8gO9w4YNKlNPyQXoT7V8HnZ5kjPUel4ytp0R7BxUJPujCbM=,1
gAAAAABnRuZiUkoI9ffYumWrQOMWEBZEnBmBjI_4DHHCf7J02mCd6LpsGOznK7ClrTQOaqtNTCPDoU1hh1Vt1wHwq9fbrDVLgVi2IgG9lF-KBHCeNP9ljpU=,1
gAAAAABnRuZiQtOeMbi8R3EZQFM6o0mYDVlZxd7b5UPTk_qJSl_NBduq8Csiu434pxoJC_TkV9GvggzhvrtdCX8352yV0Nyzwf0yp73mPDfhULqSVnz0AN4=,1
gAAAAABnRuZgdqrKnBjnUKn1EBnf0lJRW0i4dZYqpmWOTiQMgROiJ418Sei7BEtypzEF3Lj0R7W7PKBXC9UQkGrafYzhx43PqZjwWehNQdiOR4MZaGYuxSU=,1
gAAAAABnRuZgj4EXR2kW31dUr7BuwQmS4txrwyDwnXq69gcyywC6UqBjEAKuS-JzpRfHGwkmp7XTIhT5eI6D3dDvXw6e6R7uXxgBRVHvPufwXV4RW_QVZF0=,1
gAAAAABnRuZhWAi_e_jbqN-f8ZCDss47S0RC7MaeYpfIc3Hg1D1y0Gnonv-jXdrMTN7Px8Wodpmg7Ncsf0t_Zr-f8nya6mr0Ju8Q_Gtn-6o8BMW9QGPvL9k=,1
gAAAAABnRuZh8xebl2wD80uCl1NAttSguYv7OcYqaqWTsTID9Hsuhy-EGINkHsfWFGalF0-dtEDnvasZ0zToJMZYBSXR4KNNk_PAzNjMywTs63p9XYkijlE=,1
gAAAAABnRuZhMWHdYWlBH3T5tznqbD74q2CkSgwaSMok10Cza3s6z5UEKtADHiByefGVtd5FwIjZZ99TBNZIaGGwOBAiUA9khFaCwVn5Y8PmuKOukoHwm5g=,1
gAAAAABnRuZhgM3egsAyO-9HmfPOKAcPkeDDjUt3oCP31ZkhRrB8jfs26SzlrAAVIC9sChuP4tLGr7YyoAFMDFZhp5pnCJ3X8vCxQ1cltYjilQf2YqnkZ6U=,1
gAAAAABnRuZgMFJHzA8tdmQhInZy39GbLI7UZTvOtTrd3a9M_PImLaHVDV-4_Q1MEcXT29arHmvriaWbdzGPS32znwuO1Yf5wZnGZwkuaPA_ePHjm_Ot2qU=,1
gAAAAABnRuZh7x4lTknlUqfgGo4SIRWks40658F4twfXtHqr2ME3VT6e2bmBLZzq-aQVC6PF6uclV_KRm8ja2XOGHM_SFNnxBjGxhfZ-D0J2rPRWuLE2DWY=,1
gAAAAABnRuZgtDlgCceE3n4Zky8c0UmYyyHDcr4JHzWy9eMG6ApbR8CJY46dDKOYa6nHebRsZ_d5p8_x2jmV93qYI2kAHZT9hLEpd3iCrmkyVizHlkdL7m4=,1
gAAAAABnRuZhdZ5acedsRnsqRDlhI-coWsU-MnMR2PWEYaRM7bHJ3mQTTaifElpEt8nROhX_SEoCif2RuSqjoeEFljUtmw5Yw_83RaymRxqK5e0pTA1M7GQ=,1
gAAAAABnRuZiJ148WBCH96MVpVgQ0p0ptrtJb5qgevqKzQwcvRx29Z0Fqok9oXMIVW13VpEY7kOPEYdUlbVxNhRHsfZIwbMErpy1flDNQ09y3v4-xZK8swE=,1
gAAAAABnRuZh5gB5_icBSkLLKHeoWAqBuj8sMIX82GuRkAGYauoh02EKf43FE1q9Bogde9D-O-CLm4FPhQlVhycVS4GILho3OS3O8tXucA37f--U0M6fvcc=,1
gAAAAABnRuZhRElhNmOKtS5whHsEcxo7Us91q8xTX-Q2x9V8VbqyQO8omtq3Hxn4EcaT7GO3me5aQWaXPAxEQtHXLIrDa1j-82kM4DDZD_IHTDziyaveSs4=,1
gAAAAABnRuZf8cDuYwTGSXjjjq4T8fLXWwHo_Bpe4dmb7mX09bw4bt_EQymzVFJs49g0xlTA6vntq_tjW38JNY7xeUeg5RWi0aqPNcBGOQcahCkwiM8adp8=,1
gAAAAABnRuZfW-LpoO9vn8uIdSq7aOWfD4IxrLvbXbQYwi2etJ1e1UcLLNhcuPTU9dNfnrNU5BFJCvIIevlEZqmnDkfzpGUzC6LQdweRfXR2_L-6xx7s6ms=,1
gAAAAABnRuZh7jKroAuA9C66Ok6SRCEvjDUT6XQraVSXvvRcLS8zmamV75XorgATJkKtSV6KUxfjIb5ed6HvAEXPqZ02lr6zkVKtVZ1L3YD-d_nECKA6fqk=,1
gAAAAABnRuZh-viPdxcP6kRjOM2_PIl1ctuIiW7DL5Xxk7qt7YrV_q2uH5CP_72uTuJQeUN4VmQ7X9fYQ9KhMVOsdlX1Ghfn4Gec44hZz-2SNniQGLDXwPc=,1
gAAAAABnRuZg9GpP8q7o7MEFvLiw_NODmv1t_siEL55YFxgFSGzjyd0CJrf6MV_CarEbW0ACrYzITQLXjKDOvDAXaJtyxiFn1OzQdbY6ear5e5BrZt7evqI=,1
gAAAAABnRuZi921oZoqV9rxAaGnHufIxkbvVcgWyflMyyVAQr4uyF3JO1I-Mh0TOibC5e5U_hZr3wXodYqSi8FRUsOdpO5wQ2XhULRKuH_rSAt0ihGqRoSs=,1
gAAAAABnRuZi40xe-hi5SKvEn96bT41KtDGF0c4L60KgC5r4ZsxXoBgV_9rutw5dE8DqshfhAYHGmIxCWox0iwZAZp3sX3UWZJx8k3j3OijT8lyf5bEf-yc=,1
gAAAAABnRuZiGSANw9UGjJTd6MHJ4MHVhkn1TuBTft2DSyiuWvAK3cuv8KZ43Zk05JkCBhkvN9S-9h5DYb0vafcwE7cGXJNBGbNJYilh2FURyaMyBY5zjCU=,1
gAAAAABnRuZgIYn1ZaV098BZClEUAg0aXWgXzoQIyBhBX5C4vztLI3IdZHVu5aNSseznQSYOmDi7t3P_aLXQ4GKs3G8i8tNuWAMqZn4CrqVEwkNXESPDpCY=,1
gAAAAABnRuZgWjO-QCJEjdk9_qyjVIz2hhMfcyTdQdw6Qu0I32BZSW_jP-vmsNdNa92TNLWr_LChU0xWio3nygPZws2Eu6CIhh9JMHH2c85_hvRK1twp4cM=,1
gAAAAABnRuZgH--qjn_vivhpvRhnS7y0NAQwDOWEGLiKElblKT8AcP0nUsz7ei6bYo-NeQsNBk_m0HWji13EAbpSqfIm6nDYqCauJR0szalZgEZnp1oAEN4=,1
gAAAAABnRuZhO3X883NSsFdoHxDQDGz4wSUOUy72BsKt-PMG60o-OhKEincAASBGYa0MrLMKzxyflcnKCSjz8uqyUcjJJ8gJSXTsi0-_zJlnaFLnfZIxAmU=,1
gAAAAABnRuZicNDO2d-0qonhBXWAYyFeFmNppR2FpjkjZF_qglgTVuOg1kQp0OG6gYv3orOkIxQ6pBOejpvqsZmMDoRmrLysGPgwPSWymEj42YZnyTtR3i0=,1
gAAAAABnRuZi57dS7lfMhDppZSrnSeQkITq7PI64A1mveQfoeVFYrV4KKNf9xRhelUx1IWcX6ze-RJmzNNTFPdkZ435WdB6w2q0rXCJ4w6m3qRqjY_3iIXE=,1
gAAAAABnRuZgttNQUH9nf2Vt4x96WXJj7G6BSF46uUVm3wY3p7KQJaDm7E6AR6Lac1N0MitBl26m7a73CL8uJnGUbqLcMgNfotcEtU06MN2-1kBkAvjrtog=,1
gAAAAABnRuZiL_2BLQ7as8g1tur0qLeaurJfZJp5cnRzQLaLIjg5AcvNq444Q1cg485o0VlO4c5ML3VVwZO_7AmchAzJPGYsqhH3zQGzaPjuNqcMB7vPUO4=,1
gAAAAABnRuZhMbLDPObvUEy_rc33YpxhT7j-ymrAZMYrzmpspir0XI04Y3pHIeD0FejvA3Ojbgl-zELKMSX0puNURuKoXOQnXNVYG7as-nIqxgEPlXxbkCE=,1
gAAAAABnRuZgIerOzHeJ4fg4Kp7rK_XY2MeVF97b88XPaLj755z4jHeittyxmecEKC0XYp-YDC4IjGVcQ2LLXFRWvXfFsBAf81ibtGg76Y3-R92CK2BsYbo=,1
gAAAAABnRuZhO5_0ViDl9YeH6iY0rGcaqo0tfdSQ8Xw-Bf-iB6CZ4tVj_wu29GrkhTv2eQpQ1L3p6bDcerC8K4ABmixf92H6ZzaBk_dMxOFQ-o9f0lOWXk8=,1
gAAAAABnRuZfrOmGucHdA663UqL-_p7EemrrXdlfjtCwYSthVDdULv-FYv5U3hZfO5UfKd_3Fza-Wws567fAFiFd6Bann-r7bS7M12ouG3mkAZEYqr-ATr8=,1
gAAAAABnRuZgWxJ6K_Aj7J82c-t_FYFLQJlpBilWo4upQYW18MtDBdIaetPrYV3L85d2C30QZ3GKuh5wILaFB94tDx6zGfBHuSiJPalGaCs7ITtCgsFIHUM=,1
gAAAAABnRuZhXui8CnREbSoHfIpqmjP_rb-677xsL4p09CKlJUdqNJHecgvMcm70R61k11Lrh5xQ40zvoxJdCNUZNihzIsdyjUzf2YHWd0RfGmKW82dih7s=,1
gAAAAABnRuZhOZB0fMOS0XAp9PU6ue6iPlrdm-iTYASZ1e3yYHrSkuC2T_T1nP7zDeBoRInv3zQ_49fi5Shg36ejCt1BXPTSVoCZ3NuRwh0efuguV3zGuqU=,1
gAAAAABnRuZhYy3Mluo3ZvezsGTARlfU1xHPJl6YrtxinHnHKRyBluK_abFfDV_vhPAp44KwHsOQyn3hedby3SJ-8buHwz2AjnW5Oy44_NuJl8UDVFrLGxo=,1
gAAAAABnRuZhf0GRTYOT-9WEMEhhrr78wQnCYvRONXjfW0ceXtWAhTDAiHaeyKverZ3_G4CcchOvgnXAaZpB42sHFO-rTJuE78T8IRqLu1el7AYT9PveMxQ=,1
gAAAAABnRuZgJvlG9kVk-2MdoQ_Vn052gvoAevenfYc_IVSGkrb9U5Kjts61SJmGGrYPNqybP55zyLJVc8O3dp-6j3HKiahBptMRbRWRFCcY5rdBv59gJ58=,1
gAAAAABnRuZgXbEw0NBRfV4cHt8iUG7Qc6f0RbGP3bfFzj3ey82d-pq977oofzK0K-9U7Bu_aYa1s6SgfNMeI3Ht-AR9iLdXuzxzbGsV9wix52DlDJYzYH4=,1
gAAAAABnRuZgkAlq4dDLPwKlD_pZLYukZFTYN53Xw2CZfO67Zn_Nn_CPYmDjMMIWEHFNXVPBYImoHP1CD2aXkrLL1thKnSRChFK7al89XhZ5DbmSeow3MLY=,1
gAAAAABnRuZiXzM_di5wtnpMKFxeEHXeCYGAim58mWosMjNvqBmj7Cjbb1feRyxvfphfiLsurg4HsIvo5BbniPF62kbz6nv_QMBlHqsPPCjIJnIb0NiotEc=,1
gAAAAABnRuZgtGSQu6rapQr1fsIy1XP5Rn6NrHTB0Gu-o9zSAshatFZDBY6KyLcD4YYcgLUEBRVwwAqhdrSS8nswLSPToNLTIAsYlGozgyYVLrFc9S56GQ0=,1
gAAAAABnRuZhfHrvpd8WXdj0b31N1n4Wf9q9uNZ5GYYCHfS3Mdaf5fjQ3K-6XuomsQkMD2NObaem6GxmzPmJQO_qommP48rGdUhd4DtFT3rFpr-tYL_EPfw=,1
gAAAAABnRuZhA3jHdNQ1E49yMnvoVA21I122pivmQti8mZen6JXLZOsoxj5jc9Q_ogKa1eX1RMDiAfFON7ZyFH3bHf8gXVjuY5Rg2tgGGVA-X0933zZQXPA=,1
gAAAAABnRuZg5IAhS5rr275XpaGK_va5zixu_A49tZPMgffQ3fdktE36nQZKAcOZc4AoLcPI7LIt7HbkaH-Nnbcg02sKAYJ5cl2GkXTOFa5xEK_wO0DrMD0=,1
gAAAAABnRuZijy9C_eM0dg9RnGgeUpEHwJkHlKkBp5fQQCzUk-T9BPQXFrCvNbpM54PxPRUbi78l1GHegR-lo2ieC7YrjrIXE1sAukTUSH5GkF_5YZXmbhg=,1
gAAAAABnRuZg59mtcTXm2nQ_ik8BbyAGyVeMt5SvIKVlCtEuT_ylkCxpU18AmbeJKg2s-KmQBl-BmhrvTp6sRSy4huXue8VVX5IzsZuN-bZds0V-R0aKZM4=,1
gAAAAABnRuZiN3ARKxWyRPxdAdx3w2_Ib2gOvQ7KSU4WJfrbbrVMd3Rio4y0DsC0l-6j-B5482Ddbz3FfZMJA9ct6g9ZtzCbny60dGhsd1YEwMmuCl0tH6k=,1
gAAAAABnRuZhcm17Hx9g9K0vsYraM8skJnzJZroYY_eitLgN4IuH_q33RVnJtagxfffJ5PqFU2vG8wndw2UrlkuoE-Tgk6c-klNYrNoz1w5hd_JKuUyB4tI=,1
gAAAAABnRuZgoWwNgtR642-QEFgwGriaUmtfI_bhCOpPsfSNEJ7KNdQYzWnh_scF4dQTU-EYWSsRI7uZdA6Hk55QN0_v86YeGZ3Ojj8E0xnPLH_07higDiA=,1
gAAAAABnRuZhEVwSAB72QjR21IUGwZDkyQB_7CT0qsfxKv4M9vtBjdYJ2R0QBpary_X94LCPt8jWarlhqazMVGp1AvdbfQw-OEn5BAGpvFIzWJQCmELX0pk=,1
gAAAAABnRuZh6F14CC_iF2ZQJvlcjtPxtq4k3oG_YabQxyIkUtjnJRd0eRvPogyWDAI879qRn8-jUSEnBV45Br9U_rt-EVJkLjTTYj3T2WI-lEhj-OOS4VY=,1
gAAAAABnRuZg20Ptdjgc4lwufugJ-IEQWckJIlauE2LO1QqX11-dtErsNjnGxWVsl5y2IgvT7N499RGyp3ocIxhgE_Yr6kVyADzuzyFjzYuoXr-_1s5AANw=,1
gAAAAABnRuZi_hE_g9YBBAcioOMMFrFxkykM8r9mr5ga7Feb-VJbrOXzSgBTKNYWFHWyMJKzhfJ5dtbjjl_YI_7Tdjz7OzGN3oBIXjk3W6UYRHstPzZI95Q=,1
gAAAAABnRuZglU-oEffIhdFF6T4BtNjeDTQ3L8EpM7M7TGMGlaBoFOWU1j98_u98AiSK7AOAE2CJmTLQ5N2RMSOUfmPhCPjS9fNPZV632W8Jb34uBjeyYZA=,1
gAAAAABnRuZicPW6Nip8QO1wVPlLniffAfzx3szhZ2tu_jK0qPyC0yqrdZkgFW3tvYIQOZOxz2SMkxQ20e-KV9GiVnukVtb9E-tvYZ2hyuAEp0Vr5oNFdrI=,1
gAAAAABnRuZh9oQb8tmQnuBT23vgsAQa3WHXhJYMKInQFNWg1kJ4FjugU_PxOSTGAlOHo4Cxpe7w_LsnwzyZhsMl8xoK8346aq59cFxHJNpMA0Hh5muSkeA=,1
gAAAAABnRuZhKJDrWM_DhSiV7FxkHQZc9VhQmLLl5LRck0TavFOexpEdZdTJp1M0ywAWeWkC13WlGxna-nKrApb8F5MNyU6x5gD6rkKDEKR6bvHE1h7ceSA=,1
gAAAAABnRuZgfD7p3311DPojQ2IZHuCd8Cm9AeSncjsoU4XRP1ljDeKlPJIuPqZLSOe67Y750g5yYh8x22_C-xhXHgQOfAMmyq9QDORnGiWQms7VmM-BKHE=,1
gAAAAABnRuZiui5_7vuwyF75RITfz4SWFSnJioq6xHiUUKeQgX_y7PGrh3cE55mM60OqQY8UHfcPZx43GeNAVH-ns6BH4qOUPOZWZioK_kKZRRG8oiLc9tM=,1
gAAAAABnRuZilB0GqwfAoe3ATN1WeKaDSpa9ZW5vDypIGafu9dZcjbeuBXmNjWQtW4yxnpZa5gtditHbWEDF4wsG_PU83rfqVqfRm0bL5ky_6WH0szZznVE=,1
gAAAAABnRuZiXdIxP9QDrGqRqrvmX8Sp-RA1oS_-ui9aoW59DsQoj-xBn2_tSp06RXyqZZLQuU1HYdCyvUu3jU_Si6aqST2Vb4JJXUEinBBPkaQoRaa-8Ug=,1
gAAAAABnRuZhp4e9j6oWG0Ld71u3H4AX_qg2aPNZANEqhkAbvLQzK1gpTPGZOI6QVwlwWMQNCt-B6c3uUUnzhBUmXRyGWzBvWialBeuGl1mXEKA04W9B6H4=,1
gAAAAABnRuZgvc6EHsvyEbyxQxRh5bM4FbLEd2J90VvR2GFKuZ7vZSk4qTrsjo2AO2dU6BJRyKP_caFxNinUu4jKJkhsOqrfdh0N8MFSzAs5cY9R8PeDfoY=,1
gAAAAABnRuZhdc-Wr-3AEeztGHG6W-BfyZQmZFIGJewKdY-uldsSQzbiRLaOpZdkiMbSusbbh2goe7xYy3OWFDEGkqvtwxfPYr8pg6rgnQsOjQ24atYB54U=,1
gAAAAABnRuZg7c5TOSk_RZEffXc6fSevix_mCgt1CQUDGlk62CmveUXWhgA3BqMvG6-wMg7cvybibHpYsu1jhDv8kPEO884jFQKEJPF1TVuwB8Z-RFcHT1g=,1
gAAAAABnRuZfi1_08-iZXcitVRS-ywFV22UG943kYI0lqq8beA5K3-fig9v4YHUiDkC-0X1vmPVs9Lb8kRh_A0Fx1yg4AArgXez7VbPnp6MTDZ83Wigpozc=,1
gAAAAABnRuZhrJTJZi4y3S_4nIJtDljQDmlCBo4X_0lApDR6q0sKAhUUSgTcqGzUdR7MQwjbyhpCIsUV7txGkWDIlYTSjzv8y74lVNUl6AXhHxcRQRGtmJI=,1
gAAAAABnRuZgAK0FyCJagPWv0bdvJnYaEsbRKafgKTmhKRlRQ_32NB6cdQklsItfZcF2e1g0ksgcioRoSQC44d-gRXF5YzfpEnCoOn5EG5mD5ebzxCzkc8U=,1
gAAAAABnRuZg5dYOZHetMFOXuHvHwrjbif_rbGEz4OFuRL3_LKPQxJaP0okwXadFLwgYvN4-9pyGaFxsHd_cj4RWB34_afcNkvEyokOYu_SfFnv5NltZe-s=,1
gAAAAABnRuZhhFPzPxT8STMUNvrdyX-YL-4s3gYYdWC5hCEMXqJLRFJaXFZOAZTqHhHJqVglB3jjcylkPmh5AyPrT7CT8fc_TherA3KZq3T3dLEk6P15VW4=,1
gAAAAABnRuZiKtLcs-em3JwB-MtHcVl2vhg0pl0JmgS_4yrI-N0V7bL0RKlJ6zhtUoOcQFkjVH91bZpAxbpn3g8-3nUSZZrui7tS7BDYVol3XUHJA1gNTS0=,1
gAAAAABnRuZhhMQaiURMxcNlA3gDdJub1keSTFvq0ckfSM_W1CwLEiVB6rI4VLdTR5MuBflzCmeaIu_7_IIK7sgi06otyxXbCbigjkT0BGYKmsLBwkHuX9c=,1
gAAAAABnRuZhViV0gQkNgvKELtT0lHxqedopRAkxpfTYAXYNrUklOzVPsafI9U4YgOD8D4kHEK7o3w1Sliv3O2UyeaOMoE-TN94PmjitPGwI87w0Ybo2ooQ=,1
gAAAAABnRuZh6Up_V9WB-1m29VhoSQeqPUWE1ViGlXttIYX1n-qlQxYXsLTauh7zi9OWXjoWmUvXW2mqHjQdmI5NeArIfkCl3XqluS-tDTudIDHDoIuTI-Y=,1
gAAAAABnRuZio7TvCQCpdeWSXkWX7QessdzTMMFLfoTQbmUf9IDf8d53EteX6E9sJZuqPYEV-SeZOAwHyEtJNQnsvzljtHlF_2n8cz99TAjQbsOhOULPnDM=,1
gAAAAABnRuZgVt6uLD3wrQInYRkFRKDG1hRCL6ATCtbtwyEPMEiVXpvNcRoDNx-cX543naS8Z2zdjygD9xGBWFam4DdGerFfG34AvOVhFUqAyfTZlJjR5e8=,1
gAAAAABnRuZi1aja0_pk6BhSTwT-MTxcbSJD4yV07LhBb7ATm2i6FtsLKKF6iUBlDtC-cAEUaa-2zo4bP43eqLRB7ofF4OU36pTUN4jv_fnu0hS5OLM5rCg=,1
gAAAAABnRuZim72r7YimB4XWPMUNFjH92uU-84cYCW00YR3pEGul-OWgZhibOVyg_ceQSeGa_IoQFhmObnntSnKyJlJxuzq6n92iXAykIqLk7bL1Qae4h6Q=,1
gAAAAABnRuZguCnUt94wB7DBiYMs8_g3fD5xZtKzK5WY8uRcB0dwMfFl7wWOCB80pFQG15cV8TOaXr9pG5SuoOnjyVP-Rg9N23xYbJ5nQ38QOG_phbAloVA=,1
gAAAAABnRuZhoc7_-yHXyozHx4lBZzE--MZLdorJCzQ1_SLuPgpdaz_Eaug58DxP0KIem348wQd6adKnq2oY2PlOvR5V7XtWhp9OQqkQZhLGP8OrUvxH0ZI=,1
gAAAAABnRuZiV9xrAQKTxI4ERVX_UjPm2uFa4NiyONSzMZmr33Lna44mtLClRLvgtB0RP4OUsnwhqFSUfiXB5AgM9IRX-5gYQcJFZyIoGqogzwVSsSGFovk=,1
gAAAAABnRuZhhLPGF0S5svJXxPdxN9Qov5dIHjdP1zRMIP4M7MggfJpuuP3Cb-MQPe5xV11FCLmyBxQluiYgMo6Stgi3nlJF7m2ePQTxMLs-i6aZIaYIkEs=,1
gAAAAABnRuZfdPoXetncM6ytYstZMHMRs1AEmHBAkh3RsYMaE8EqdJkgPu37olvu2EcHaiedZ0t1HinrAC3fEMZfx7S8GqW1cP0JC1_jPRtAYFlJXAo56IA=,1
gAAAAABnRuZh5cFz6GmGoMyhB7oNoG0TGMrnhrfQgZkV_FeZr6OMkY9bMPSjQWgrE0NYDlgTLtcmZ0A7cUmrGdu1zAuaRjYuSyf0XQ6E6GiGZYNNZNA_4FU=,1
gAAAAABnRuZghmjBWYy9uWyiD4VDO0UhF_aYJ_VlE7cbjT6yKNM5FfwATuTdkAV0rCdqvqIri7B99LPOjOT-qScgf2zy8lFl05N0vcFvWo7wj61AP-LjLSw=,1
gAAAAABnRuZiqElG83n0mCEbzv9T9rKXiw1xOVAlTWDW5vY-libel49em-7M7k3BDalo4kl6wcbDCcR2AgdNrnB_HfW-Eb1rqmxm5V8f2riACxHgIB5AeNM=,1
gAAAAABnRuZg3r9kvSYB67joyUe4UbDoKkIDxHZ19atBCxfFbu4iIJHN-ROy0tTV6ty0dfmJiOa-Yp4D0iU1W1fa258k6SJdItN7TnqUkd32SCQuhsxEj_Q=,1
gAAAAABnRuZgH5r8lSLeVN5LQ1SvspYtUa_d4gYBHtVeQrCJh05qKgw3MSYc_rCAt6kpfzi5S0Qwq6dI12zQPsFdnN_cyhXe2vSttFbtU1ZhEougZRE0oxw=,1
gAAAAABnRuZh9HjqS5Zob53MDqhnE3fk6hnqHb978IU-JCMCjc77ftLD1leHBe3-PnR3VMRiwj_rPClyVyH_PncwBzhn0kutHbh_yhkKGJ9ciT5ybSaxZbQ=,1
gAAAAABnRuZgTe-cHkhZClBbdFZJOKfuybsiOs9J6vJhSlBDb6yP5S1F1XbXU1ggZ2t0QZ-bz26Xf2U2N2y9_cQzGP61x2CAAMX7BQumH2hFiMnKtcJEr48=,1
gAAAAABnRuZflZo3dYd0hCr1HrvxKUwNlToLRLd5c_EgMHRziuU3BfLstHUo-re8seZdj_0vQewWqieVENVBi20z-qV1g8XFN2li_290dXJ37Jl8vaPZ4po=,1
gAAAAABnRuZheJmSicluMhm7hwAC87hlYjbuND20OAmv3j9ruQaoWt8DOPpLaB_hjQS5uKO-TSAALdgt2RKJ0G902RF2daCHPfoLcOSeE8DgpCU6ps9aJM0=,1
gAAAAABnRuZiAdTWv4Z15Qqn530IEtNPV55ML-5cAElGJrLAwyyu3DjceePsG2LlewQIO6kcBPhgQhG_HbWWUwlEAU_MYBhkg7p3O5UK7zg_Q1leMFUi33Y=,1
gAAAAABnRuZgF89C-l9kDsRdmbms16o7Xz9CaYXRUvM2SflwT-Jm2RPUixGl5WBai6aafQ3TJ_ob9VW0bM43UGw_HTc9qghTjoaqLAjTHoIiVJAvoylo0b0=,1
gAAAAABnRuZiffSdqd9NokOqhyjREwVoxRITCUX7OpVgPllYZnLAPc3E2q_FbYRQ8plu-mPLOSsh860AMkcF5ytR2kWdjOha3eW_p1CRG8AOSaW5s6GSm9o=,1
gAAAAABnRuZi0PGv8rHusyniktvEfbVKme2-_PVobUu5YLsSM7T3B4lzXYRGNLy7qtrMiDSEdmum1zFAf762pkm8FZGznIRzo8Oudu065vazSkTlnHKIuHw=,1
gAAAAABnRuZitblrJjITcHLm7LjSV-tVJsrdblX2hlCT4V1o9l_anmhSryBqaBY-2LAeoCcg6prnPZ7PktatBdJF60v6vHLtZkqRRmUw5K-VW-QGb_GMJYk=,1
gAAAAABnRuZggP4PUdDT91lxcHGvOBkIUa5XSGPDEnTw9Pz0vxarX48aDmYEXADGQebln7S0s3rTdHLNwv8yiKtKymiNAEI5N0TqURgGgd4SY4l_eo0VoHc=,1
gAAAAABnRuZin7lLmaLGxplPEtRADRXUmGfnhlZfDN2QkpRTmjYsMgCkvPLRTJb7EZ1iVTnxmV0igyyx2cIUbxFAfqD0dQuvPSp6Zy9PBpW4vgXM3n7WHRo=,1
gAAAAABnRuZiYzOxEKUPBsQoXeprH-LL_2t3wXMd5k8qP2y7Wj7TsfZRIqUpALzfo6o7xhX6PMIa0AiDJRKhJ0HxWBnsrHt4P-_PoWhvaH6Fvpl3dy3zhZs=,1
gAAAAABnRuZiS1lJJvjL595iCu2zkj5W1mYnPvFUWImnQI7OZ5XjvZ9wRabAaxomeBKemu_bVhiMc3dH4Yq2JHtyclZ-vTYxlRQTq9Tt71DH8emNiqwDglc=,1
gAAAAABnRuZhKjvtFALrdkH3l3zBjX7-WOwblSGZfRoteJm9u0vWci3M5whgSvY-XsAYNI4m-3floaPlWpWBQ256aNpkZSEzwiCpWwFcYhXTRcZIIiTZo-Q=,1
gAAAAABnRuZiBmwQUQvY_QVBQTx-4vYQH9YYEo7IzDkW6UNwfL8K-NpJ0wsDAj7uCGgzky0vn_h49RLAWSTVkV2lhDXCp7nYUJXD_pqGn1hVve-3AmjVIzE=,1
gAAAAABnRuZhPq33duKd4GGUhkgrmiPLKyqq_h10S0_jLxfg_uml2darK15jLjYH_5RoPwdVEdn3Ys1BNarCvuNfwcjJW7ZhTYFE6Lc3c5FWwxN6UpJVpGQ=,1
gAAAAABnRuZh6a5akUmN4Vbxh_SPFXyY9Wp_H20oux5XBywZ9eO8q3UaLdMqCXO6K5Ea2Ue6_zYVDDEvDHpLliNho44vwPARgFC2YauG4XCHufykjUCTcPM=,1
gAAAAABnRuZgDN9yWYZ9ZrRRmZ31FRULLElAgEw67_GaW-aURp1z4G__6EUqpKIas0LgNWnwIJ8O043L1Cs3NZeUtACpygAWI3WM89_Vic6fHlkTuV0VONk=,1
gAAAAABnRuZgFMXTPesZ7gEvsX0JzCWZgzWUHu0vbAuBkUCkHLHBW3FCgVFMcvM7pmOsPyDK-Aj9O1YddMKMM1bGlZ6INuePB6cnf-ghqTaT39vdrG6da8E=,1
gAAAAABnRuZgT8rimUyUBdLZvJh8DXhVucUE_Dg1Rl63ZcUrZUlwGBnyyIWri1GQVU_maWQ1ov34j8EQIOVPCoqZyP-JEev_B1xfSlxZGzcURYM0iSq8i4M=,1
gAAAAABnRuZh4CTwAOthG2-CYEMGbACCaiuIHuTH_LP94NtjAP9u1Ir-RJpZ7peTp9FSchgQbVTUZ4lM-kB5RkqoGCHH_deP--7d7Nn_HGtdX7rKh-VBW34=,1
gAAAAABnRuZgbfGfK-Nrc9piKmYUCNCSC1WZ0RkjVZQtv_M9O6aUkScOco6poB6aVXQog39VvHsnomTR46uDo7Zv-KsPzeTEDq6m96OAMJ1gfqBIseXKrC4=,1
gAAAAABnRuZgoMuz6wab1FAPMwfpJuD97gwUD8rkfGz8pDxsWfT30qCsWTFkbff0WerWgC73VJR4scxUruVM7ytWLqpRwCqVEdi0VzzD4CRPSXeZ58G0e30=,1
gAAAAABnRuZiwhBrMx_iliH5SueEgdThIB21PRnAOiPbWbug-7sJKGScuiGqRCnfsyES_9JB1Elbz1qxFFrmEU0GRSflo2k0f0LQ7BqnpZ_2ZYEoTwhvP1Q=,1
gAAAAABnRuZheAASIzfADqN4NhTvdFo8QC8ZMmtV-NfVwwbZrN1ycg-hhZp7_VXjfnyxwK2UAZITG8J-EjBbkaL6aSGNbHhFc2EEx0UP8RjbU1592YS1yuw=,1
gAAAAABnRuZiTt6TRUgLYtuztYDtYNe8aLy71qE6j2A-ZZGx1UJsLKQAXFNlO42EL3mytgThIIC5TSMj--_2vUCCiInkOFuRB4aRXhRf276z2Vwy-Op-vK8=,1
gAAAAABnRuZfhP8TYWatcQmISJpWI1uaEUpFLMLhkQAeVfEhw5bAO-kEHnOqzR5RPpSKpRHFKajO_YzlJf7_0zZNL5Kp7aRJqHwpBHmiW4iO1A-UV2K7-YQ=,1
gAAAAABnRuZiSLiI7Vbxaw17It5btqubJSet82Je5Zwhi946pXMc_AhrRo3f1w6Aiof9Zn4_OGJXHlQNgRIrD3dGB7wmegEVZLcjm0lagRpv5CFTYeOp7DM=,1
gAAAAABnRuZiJuV1k-3tanrBeFAIYeFKZa_rHs6xpKFcSKy5IgYsPPx_JFUvne7xOaZFoH5OucATKDahV_z1lwLv967FavJD_X9AkV92rh2_Ub2QUA-VPME=,1
gAAAAABnRuZh4kWyUbEPefRhQerwilWaekBw-x3yIchByl2RAckTXhDKkhHeJrZxOK0LrJ6ZVfO-A9tJ9jmr384lbj5y3-gu4KEvIqLMAhxUWv1V6L3DaEI=,1
gAAAAABnRuZiLJiZJtjBpnIewWByCNPs-jCWwqwWJ4SMVGus88fDZD4Al5B6o5ANkqjzrAeSWBBs9zc2wkCMh5jntAuK-rJ-jQrpk0O2zQqcCXgy0cnTg7o=,1
gAAAAABnRuZhNbXSloc7eNMc0b8g-LPBAGusa-6pLIptTD4CADO4CKgYJYhmCAezdKcPvFM9zyX-kOpoE0Sku82DE6jo8ULYmvg4L8wWPGWFDeZD1n6kz7w=,1
gAAAAABnRuZhsQqVwIaMRekDFCtKOYE6BbRKxMM5KyzYWVzhTW-7GFCUJ3tBEu0Wg1yBE-K6_r8JQP2UQWfi8nph4bcQu2Dk0arVspogAtVBF2ZyaGsHNk4=,1
gAAAAABnRuZgLrE9pMyuGJZkMTLF9CDMWwtD-LWksQdstmjnhkuXJHzfzJ3T7if61ilN5BnfOOsyRPncB70m-gdiP-on0PxFGrzaN0ai39jFa51OclHmBVI=,1
gAAAAABnRuZgK_tNa_C_T7rA4Hx3IKAu6hpJn4XiEbH6NYiPQp3iFXNOQaWiiUe6P8HooUZaF4hdhK_5iefIM1DDJLG_i0plJIeUzcT7-o0ZrmjTE9L8W2I=,1
gAAAAABnRuZg0u2DWS6R9Nuq1ZqKZDqWhdy6fBB2ZQeoiLfAd-GHrkoOgITbPz_hj4TWSsji0pS4uYYbqJJenChqmPsgZnVKJ_gGe-cOK-o9xW8i1WQ-sLs=,1
gAAAAABnRuZi8bjj-MRqPbVyo9cZYT1E4U-ZdvBpjjHG2NNUHkIHjVaK_tbPRpu-Z77deXTiP4xMyB4os5nG1oQ_zAtR0pknYjbJNki8P-dF35ZdHpbuPlc=,1
gAAAAABnRuZgkGOsLR3pZQtkys6RMLr44VAopzFK2MXLTmzHLSafScSVIG_ufA5WTsgHtf58W4tuy7G0w3IUxrfF-9PN_bHfrTaKNwHxUYDyeiPaGToClYk=,1
gAAAAABnRuZf5wLZ1NiMA-TeiV66ugUopr0hxOduO03E0kZmLP_lOCDrSWrxE26z25FueVnOGTE1ICU7g9DimQRahLeDSN1wAQACmu6mGwa8oc7fruIgHgo=,1
gAAAAABnRuZiPaTsPN6akFfV-YATlH1PCbYuEjBzzv764_DCgP_lEsEODvTpXknuEAm7e9IPJraDuF0bdO14u_X9GMrMBlPFVwEz0EibHjiQTwZ7Rk0Zzkg=,1
gAAAAABnRuZhRAMDezdMhuHPBlVU7A00VRSz02CiiuOJo6SIIZh1F6sIaD4CNhwKe9JlS5rel3j5hVyakaa6acVjvzu2BkpqB4o0VgFwbxyVvpfjbrxUW54=,1
gAAAAABnRuZgqwsoUI6DyZjG-nRUTt17fHxNCrThlxGHxXVOlxkN-emZtZdPd7jN4WjJsonihrb0336HzcE4-fzIhWbdSrTaOgkATwV5eau_91NjzCQnEVA=,1
gAAAAABnRuZiV-Tue-ApBH8-WUIgNGFsNriPOku4Kc_lniLF1J_7Pwge8Mu7mazpsiRaJ7AwqpBiNqc2qHP_V-imdJvnPbYLGaZ_btCP-lg7HDufXttoU-M=,1
gAAAAABnRuZijM9bupWcxO_f6HMObGgNTA6oC6-DLNYwU7zwGVFJQlgnK_54qbzptnd005375sGCbUN2vvndpRD6waeOt72aH3pyskC7mCVgK7taTLGtbag=,1
gAAAAABnRuZg0EPEdl2ztoUNfEE9wgH83Qu5iR_ClZ-bFcXStDgQhn_1lt3YuyNsTFICSTLBlUEVGclBJSIaXKcdTLrjTkNbzDvSMK0UevuT8puyPvJSf_Y=,1
gAAAAABnRuZfpIeA7bGv1A89IVAocGPPjohFJGPRaLFsAVLLaaeTZ1ZnjZpWXODNWlVAWyRhflfbexIgEvKPm446m0dy_s4dZVcrI-tb31mJkJr8h1iw9fs=,1
gAAAAABnRuZfL0kURfogfX5U-ORvQtOaDDH9AkIjN3mUZLkVcL456FsABwPLkVt7Zw8IlwrRBcN-9ZnQqNwzOSFwbfaxFeug6k43zyu8GKLULdqiH9HnLpY=,1
gAAAAABnRuZgsDOKaIzfzXftoNlinFGDYjMNODk6b9BcqL9pegigM2Z962a3r5CXzoq1_kLbBmXqPiN9N1Yt-PKGVBMl_LIC4qi1pnz2lVcocEtnjAnB3ow=,1
gAAAAABnRuZhoeZRSd63b-w_zQgXU0kcQA64KbtphuKRcdmVMpXxD1RsApq8_FtEswQjyjPbeAIFlaDzZgeJKeYbleq4gSDc7w3xDkLqeg9z_tE_Dmvkvq4=,1
gAAAAABnRuZfeGRVJSZLK0OiOGS5lhGmKHHKt3Lfi1Ylty6JP2sMbpc7iEUkn1b-ERzvaRocXVn3xmni3k56skuptDQXUU-yi6CAp-1CO24dOUnugOsUJjY=,1
gAAAAABnRuZhhmba9L5f8g14JfaSMLd8E2ri_kFae6r1Z5PcM5tt9Y39tQBYJq8GelgDhgd1-lnE0xy5Gpny_cuR3Bd4hwYt0lqanTO0uizfqPzX34jwPiU=,1
gAAAAABnRuZgQzV_ACqFOX04ko6FKENV7rVwssgpeC0RVQCU0oKL-eHoUUSC2GMyhEBLe0ro-grarvu7nSqBKnRcPs8Lp9lZlEZBFz_CcwQvN0FAKPkKF4M=,1
gAAAAABnRuZhm1H4x5oogRmfGZGRnV2J54K2wghiR88HF3xnfhuAz3k0-Ppxt54uYKhW2Uoe73n_xtoVQACGXo5zebrfOilUaU6H5YVqrH1_WAWR-TifHE0=,1
gAAAAABnRuZh9IUvuOdbTygLYGJem4XqRlFXkEWqxn3_5SHASFwY0-nG42w--DeRmXW_SeVEqf6DSTE6XHPU1gsTjfs-LEWRKSTH5DoMSyCTpsb_Ln11lPA=,1
gAAAAABnRuZhzjuiBt80bO5LB8mLayQUPT37WPURXPOvMi3domCIj4VBntkHkFFDMbEc4-G6dUc3F0KEFODNMZ5IhCpCTa3eIRC-qTa64neA2ZqcEhNvlqA=,1
gAAAAABnRuZhyc_qNb-P9UQYg6wgl08nXGKwkWFlCOJrmiqE8gWs9GlAzmLO5NmUx10bWYIxAJXR_WG28rt938s8lyalqK5a9uHx2B9ai6WT-ixQCDz3gTI=,1
gAAAAABnRuZgY0oS7nQrRMalA6MMgH95iat4cYzITEDPddpHQA4UwC0eKJm7SJvF1aIGzaDmvrK4wvz1m4xL87sXrALRZjyM1Rlla4r9ujFrZYv5pYZFkNQ=,1
gAAAAABnRuZij2OtyWlpVQJFVBhM9l61NSm5X91fmni_VN7RCSoAkkKweqegvsXoYZvxs1TNdJE8u8NIzalvOFEmYexUtqeUUt0cGXMON2XwI9_Pi88BCmk=,1
gAAAAABnRuZgMIbNI67_NnNeaarpMrDCJalB1YqFWuzp9QukLONNRuUOZMIPtk0DvYGz9_VDp5Fwr1p5qnt2nPH0hTyPdJ0JxF9cAhOAEMZLFMtwVCienr0=,1
gAAAAABnRuZhm_jFUKhq2Gtu2KoIj2voL9E21OkciAGIiQQxm-dks1Md152KycDQAN82tboD-MA_lnZuhWhkkOyQuIW7zorctrItSWWiRVDjVBo4B5Aw__I=,1
gAAAAABnRuZi5yjJuwJqbioC_C-8k0lLax5U5BYl6b2FkoIPKBbC2C-U5mGco4TIwrgxCHSeBOsTfxpGI_-qC9rkSrLu5HK4Uq0Wk5F3FqcORqW6LmtwZvg=,1
gAAAAABnRuZhs03bh1pAONYYE_EZ6mtWTqjgNp2uwGKVorDIxZoJgY4AHpp2Yw0QnsBM8AHTFUWIUcTsIP8E0--KQFCTXSbotqnltYrSLBm1-35iGLcYW6Y=,1
gAAAAABnRuZi8cjT7If5RxCt9C2JnY9Ve4hC-L2XdIQB3Bwa8cVGLvVeD03JCgQR1mycf-qmm5q2ahvbcTCZXhNOBx-Qu7eWOsiRNs3K5De1mNtKWJh3G2Y=,1
gAAAAABnRuZiKzYjVFp2afphHAgRPUakntDvE4g_cro8sA8NH4I9TOLc9JtzvwZMWYvcGYJxyrz883jmyIqrUBz6YYfJ02d-MbANGaQ6CXCBknwnawz_pbA=,1
gAAAAABnRuZhZqg8PBdIc3HoNU_cnQ6nCfNEkIv4sTIbV8-q4HDzIitGlpjC7Z9fsYdISp2PXVaGSt-rSkURJ3IQGjFVrhZzB45bOUrVAg__J32UR4XH0qs=,1
gAAAAABnRuZhOL1sok3ofSSyDU3MWy7l16Alx45frsp-2uPRBm84K9Ny41djNiI82hS0fBbjY0jlU2D2uwkGI88gBdbkyWQtN92CM_acQrO91AuCeIC1K5A=,1
gAAAAABnRuZiCSm_qBk4b6ZT-giL9OXvGxSSU7-8TX_CrKNlaP_fxkqdlelwLWSamYrc9zoMugmYyzNILimkSRZu7CZAZt1MDThYrSop9RJzdn87huYI3wU=,1
gAAAAABnRuZgN8UoGUrIvplWR26WZ8qEjBZpUIK0YFlnDg0dbAzBtXnQJrQaKn8_CXYptu092-BMmD2rc4tL65pgg_I3fwIdhzaMGFXwODksuaOsue4Y5Ao=,1
gAAAAABnRuZhzRd6KnclcpE-c5Kj7g_uAxVdTNAlRk_wPENMzpdq2vdJ-4QR7tBrIf564UFw9g_i2G7DLR8HS0xWi8cUokKvfaUotgbpOOOy56xE_jjbV3A=,1
gAAAAABnRuZhdb_zZk4-I62o8a2Idg4ykm95NTEX9To36tsfsIZ66ZBDYc6kd9_h3Rv__VXm9orSRIAGTQ-HxYd-prUVUJP68IogR4MWnE1nIKe1i5PJvBU=,1
gAAAAABnRuZgsof7sEiaxowQscgmAI6UbgqZBZv3KNXn-6PvQAsA2PZcFgBEnK48I-T9QMQeyJPASVsvg4E4dhBz-czjwVUjCWDu3HNRzJt2z756IxFbIsI=,1
gAAAAABnRuZivxDpYYXqCDkVodf9gsSYecD0YDSQFxigMKR5UhyhGILIfFSmYWMdYxDMhdLb_ksqrMq3GFiHAzp0JWP45QnKcOQ6l31_NyK8JAr4Zlhda1g=,1
gAAAAABnRuZimS6IE_c33SmGezPrhXW2cUZE5HLh7EkbPGsgRdBb-wwbbXS3vDKWWI47g_5VspnADJH0B1XlmeQ_N7QuCWmwSBfox21kKU-P9dsU98ltY9w=,1
gAAAAABnRuZgGCnH1Wejptyq2VWsl4DlWhOu-q0nEyGaHN-rn5SybzVvZYOCb33Y2p-YGfdGVGkZ4VVG94rgA59V4e3Fhzx6U_8PCJQLae3NgfMUr9BYz4g=,1
gAAAAABnRuZi2nHm6SLcrqomp_kPGozBmgSCMltpSTluSIwlnZTI1rRRZGyX9TwD5u2pCqitEQzmjmzfZmrfyOKRQyfQ_CbsMPMCFfmf4lNiTxw61tdReaM=,1
gAAAAABnRuZhT4hgpDS136IXrc9ImTV9fWGZ5pjzrLrm64Ocl4vJG1jtw80yMbsKFa4YBJYUZpU8I52AauKo2jqdvupQNvROAnasx9JzwpeWB3LRbzdpSlk=,1
gAAAAABnRuZgJBWDBELwAJH6V34KHOrIPGLUUfUsGlOF5hmtM3AxdwQgL_Hr87RVd_xklx_pMp1lg-m5epZZBxe0LWH8bUGzu0zXnQbJGUP2ar3dUjNm0vY=,1
gAAAAABnRuZguhhoMN6jqQg2bn7zzfPuxXpAzl7VZqOqJwrD1fiyTmOWsPT75BfX17PTHzH4ny5-Tqsbi_zaaIdt2HhVXaHPbOqJoasFUP1XTK8GW72g5XM=,1
gAAAAABnRuZgTswOJtHowOeFqYaqRseG7buBxokrQVjq05UrWMgX5F96junrsGkC1poeNJM-QjY9M70QzgwBpvD9eREH5-3cU0m6lu2Mk8AEmJiETNUGv3c=,1
gAAAAABnRuZhNxJTakTwpAd-HmJhR_aCK35hkHlD3FeKgy4K4Gh1AjBQyxfQYT3PfznNDmUiWij3ZXrxzaO8oek3x4lZuskMbKScJjJ__KGp3I6cXMqrZa0=,1
gAAAAABnRuZfPGkhkakTCBX8Y3kT1oe9ftZS82qxj_Oo6jHLshVXu4CZEZKsZJCfkge-RwY1Hx_kspJhIp3k39TJxu4w0_NS-79l-QT1V-bkgyMyXV4sS4s=,1
gAAAAABnRuZipreKXq1JoDHvLcafkcrIZEJWrVIUr3ehLe4Ux9Zg7eOqiECa6pDfoYt63FefismwF8xCgwBI17W8v5b1wwuojwVGitubcIsbGsq4DeIrQqg=,1
gAAAAABnRuZhQQpIkJM3_M0dCYiMCaT81IgSPfQoov2W9SC8kGbNlDxT_RkJHdBvpD2TDVtTddz-wfTQP1HeRR_GmAVskPnSvrYjoChMBi2x1TvUWq8YS6M=,1
gAAAAABnRuZhjMz9J9_wMRgiy1v-r362e3oevRkd2tQ4BWj5S46sb2Z9oyv_s6JojeFbqzK0FeMnqigB13f-6Sit-8Elth95OaBURtR81XS545ib7l4mQ4E=,1
gAAAAABnRuZhG8iGwv9mpYPXDg_a6OZTUqcAOZf0U_H9ErK3Dp9BcqTKRl9KehpJdTTmWU_asX960Pss4s9MxCSGWPSWs8rQfJ1OjUiHXI38ZfwYutqYDVk=,1
gAAAAABnRuZiQsKv2nIDI7TQE6KbCuI-ofAf64w0_dpd4fhz_rRB2jWtiwvrtpLHG5i6BOk-vErgjhagVYzCb7FjqBasDiyZ2tvo0uI0g0AlOsO_P1bPM7E=,1
gAAAAABnRuZgOQecZ3slqtAybdgXGm7w4eN155PUtP8XnEoVMyO5vZ27ccTITei5UUIwytnAL5ZogC4Ex6QDk6bacTSM_mhDuM5-3MYbKq9PtKE0U3dbx_I=,1
gAAAAABnRuZgzpRScTJmYRAQ9btAIqnZYM7lShPoQyQ6RFQ5549Qk1jnDN2HQ8c7zXauZGUJBiGvMwATkjB8OUUHbPttR58OsDbg1X9c3a87xpVLI01RFAs=,1
gAAAAABnRuZh1SWbd2mr1vXJw5MXn3ehiyeFNhbgmNhMEJGgYiUZ0ifCY4UHUFz8VbFIIbnXi6GqYClkXW_P3GUA3q_TQ5DzbTCgsBqTKiTTx9ykHhzSgZE=,1
gAAAAABnRuZih7HXQiutdXBXilqv9mQm2q2t5AxNaIdh59LO2DzEMk9IEO1s7L8UnC6wRXL7Kc95QeNNkC4YS1vEzCDa1JJRLgaL0e7mv6PKpBE46xDYQ4g=,1
gAAAAABnRuZilQvtTSoeF3R6EO980V9ZHbp8cFNpV2bgS-qmEMp5Tehmz4K2t9f5QSDQrFocC_s9h-nT9pHDNvNGHSjsCycnKy31WssjHeY5CEYpQBa2L00=,1
gAAAAABnRuZghvly6LJlQjzYn-Omnf6T-yJRLxfuijTq28qu09cKWyaFh7ew-xlSuwfOyVQ5a0aKBJ0Pf9nXbsirSONDYH6rVMRDDyHB07vpjIkLaKW-OeM=,1
gAAAAABnRuZgfYFaChj2Vuq1O6dWs5buu4e0i8_t43c1h7jsVkL-tIxfIVr1bC3cPEJst484wo-M8gq3G7y4mqqOH9PAYbqPakb_E0hV8KERXTw3rcm_lSI=,1
gAAAAABnRuZhQn7GQBbIPRMDqZMHyf5TEGDZXvAZufz_iRAnIiTHIyeDMYk8VwQil1c0gZxHryFKDuxXtjQLfr1MSK7pK-m09vtmOGx8XICy0qDyIF4XHKo=,1
gAAAAABnRuZgtE02Xj8AeL9qrvq1NbNyQjhFQtLdT5gmcckzILhmMD2yibSe1qHWfMuDuLqu5ySePwZ6g-iawbjgcgjrMWDEU9AvaNt44Flpgu8QpzigD2o=,1
gAAAAABnRuZiIT45IzQubJWlcFyj6terTkB4NWmJwzdududgHNeSsbx8lKBOYU_-bAqW1a2F-tPdH1sUq-gjWVul-jreks8I3fjtJzYn-vC1Qo2E49aw7Ns=,1
gAAAAABnRuZhFIZ3aVs1R9LisjBFAUlSgiLtkcEIrBgiPu7Y7xA6FhfXuhDhFaKXgrTV-h9kccjgpOBcyrTWxggnyIuxcLEqcdwVTI8OxArAEU27bSkS9Gs=,1
gAAAAABnRuZgFnodOMPBgAzqKnZzXw3hqusEnRTOPPWfeJK8JN4_thUyBDsdytbE9zHm1wRNRDHSA3Blg92XFuO97nnUrIV56YvwZmLQcDrbiICdq95p_1I=,1
gAAAAABnRuZiEUCn3CWiah7G4-mv7fO1eamCCeJF2J2aNqIVoQZrGkbHYTHg_BkcdAoAilenGdKC_eVw0mtD6gSaHkIUWSkM_TPVR9knbzO7hCMQoiUuMR4=,1
gAAAAABnRuZirpdtYYOETYjZjL6jLWjU-cImxybZ4yYndO4ne0oQMpoDuO6BqpV19kPbK6-ypbcUXYwvZJtRQVTRbPLrU8VUfr5KDw29SygvopgGmH1_aYA=,1
gAAAAABnRuZh8wNpYie0lqvPg2S-hdL5zzvt8M0DKSxKMXG4Ixx7EuL6SDXK0yG80DN7yFmQ58GQWVbfNINK3EthHbxo0wOmlK-1hBJGtMc7wktYyPLe9NA=,1
gAAAAABnRuZgZkDqviWghcQEXZeePQU8CvHtL0XrE5YdkEnsnbvhI_F34HJKITGm4uQEHbYbd7YRasjEiqPNgVw9K3a81D6wefk3C1zSqvdXW8z-w01vsOE=,1
gAAAAABnRuZhoIrddoFfAGGSeIdoKzldeoCHvbgQn71OWT34drKHGgbjzm_AVhzgoLeGQHLOsSiQ19gv5utIoU_Uvzp6yf7_N9xEFZaCKhkb8HZmscFQjpg=,1
gAAAAABnRuZiR3qRL-nJRUfHVtayT0qyajzS--aMQDll_mDDd9Jl_PdYiSMTgoWhIhM4w7cdS9mmGPLko1nwcSoYqbE-tJfI91qccv3EvMPytlgDMaS0MM0=,1
gAAAAABnRuZg1zkGtACpjSgW2Mkh_61qBwkzkNV9azGjlhVUuK74iTIf0HOsH7GFUvgKv8kx2HfQkktJmgEq9P_GGYz5Cz3xa7EDqYg3msfU9SpuNL4akmY=,1
gAAAAABnRuZg8EHrWJVJVQv54T0lXR54iII1N9i_Aj2HtfRwBxYGc67N1YscF24R53AneFCIyJYzkpl3v5PxDk9jDYv3nvL6HYFr6J2OB5MQvFTpQZ6I69E=,1
gAAAAABnRuZgOV-_SMnmGp1WQ5STMM7NnO9O_HFe03OYJ-ymz54gB9pMUSn7Y3ss8sH2IRKqUU0v8bHK15co8XCb2BTghDkoGnNAhCpn9dEosI3O_nU0KOM=,1
gAAAAABnRuZit-nUeVlIQ_f5l4jDj0GuWCm7gq1PcNktFZw5lg58NlCuNyy2ghUKfqskJZJtWeWVWEGMsDP2H5s7ODW-0NdHEVmI4uqg6jBNW1RHVeGekrs=,1
gAAAAABnRuZiNR4eTHrdUoQ3q_gFkQESR9oPGejP6tck3vMGJI8aDVw4dXhkBC1Ihm8IwksYYZypNdMrmnYIv39emUcGbRL7fawMl4MBiPkVxFOdQ3-Q_is=,1
gAAAAABnRuZiewTO3Njdiew_bVO8lAktt5MGO_zQSiMCPLYtub7elYtyIWWWWvvwB0kXJWHtnKuSsLiDYLem2tBa0WG8RkEpiZD1wpju3u07hdx5CMuFq0w=,1
gAAAAABnRuZgwLGW-mQPzgR02OluWuVYlDbEh4B2-D7r731FSnmEbWhMPizmx_9xhtwBSgDMTrcvRE7CCgAJDEqq_BCKUgd3LWT2sHpDrT9h1GfXcg9KVhs=,1
gAAAAABnRuZhr5JoEzKLXTXh81uinHyOF22QryvC3oA9pRZ4I3X5DDj4BnzjF3x_QG2Oo39U7M394ex4PLRl0Z4F0kNonZnDJJTSyfk0i0puHhHkVdmcmQU=,1
gAAAAABnRuZi4BDRyGGo5qB9cDW6vtIb_7DaFHjWGwTh8HdQZwbzy6s5lchDr-Co2I3ghxxCj1hiSOPpZoMfOrKYj4l5elLq0bAFJubtP_XzVVOMZIGJtB8=,0
gAAAAABnRuZiGoR8VR94ntCA4WVMt62Lx8M7D_-csJ5NSD4E47reAKcPNN7m9vZdU4RotRQ0He1r3mqExr-d23N2AzhQghkHBvAwoIPwodq65fRPYCcGws0=,1
gAAAAABnRuZfBgnHpppm0kVYtY9HHMZc5miWAqhylHEs9nNrBW51wmESgEuL0LkYjUNbub3nRjtcq6I8hYCcKjFzB9okT0V1IdOPWeGX838nyHF-9AJuPhg=,1
gAAAAABnRuZhHkipVTMyCF75jH094SUWO8Yd-_nllCF27RE0hTljFY-qJsx_gACulX1qIMnRKmuCdU3Az8CComaTVXYsLjYwrJbMgOauMIhaQNKATK0mzsk=,1
gAAAAABnRuZgvT6wINAdQ3MQHjs74uYNLw2fa3q_wBd2ERFW1W79KjXK_XjvVsPJr2fZJPht4n7zEov4XxYpVp2UOgcb0ipLeos3o7NRlGfq40IVBLOkcH8=,1
gAAAAABnRuZhItTmWxzoisLFgFaJzV4S6l6wPbgiiYvLoXCb3H1MI9fW6iNnOOUj0PTuU67Jv7CJyNpuvqBciVdbahkCTeng6Y1JEVfGVQwV43KTNYKQGMg=,1
gAAAAABnRuZh66bHOC5GG8c2sQdXTW_bvVcmEkUNhe5yXD1SlEbbtmmpbaiHq3ckH4DcucMe-RBmEUlxx9vDOlD1OPC6erRLHQPTbPg3UFnIsMXNJc9Mnm0=,1
gAAAAABnRuZgdbNHJdk8b1AKZlycnnMIbIibbmqq7vhKQMTwNBi9GPzpyI232QdYV6XeBS3RCEflVTsFG1-ilxwazrkXZuxrjq1Kw-Kn_hququT297ObYHU=,1
gAAAAABnRuZgmmUWsLtsQBZFZciLuFkGfx1brzpl8JrZA9ChFkVuZ4Pl6k98taDchWAWscfnZGMChbC-NUelYLXz-b9P9XhXPHD2w0kJ-JWf7iZp-eTwN2k=,1
gAAAAABnRuZidgpKPyvJ2AsxqsZ7q0vHIix7M0jH3Q9itnr_NWj1-KSFe7gS_RMU5fxy9pQ8SUyGZ9bZDWQ_d4Y5SrChwueQtpgPBYL_SGuJnpAj44GiFZw=,1
gAAAAABnRuZhbflCWYuUOAT9sqF7q40s_eGkRutNJy9wAZoEmVpBvsW9cbR-qWHEOKim3pb-wMc360gEPwcUqN57UAW8nEumye-wU1TCknzwSAaEVn43fM0=,1
gAAAAABnRuZgCxSTDyW2gsfxtMicbzikSAnqgIbInC1xX718hVt244iHvrn5Mofj9NGwsfuDC9n580zddhlwSCLfjKJ90ZUaXh2PzTJwh4WepxDyoEy5eXU=,1
gAAAAABnRuZitLbEffBDFQLK_eeqYVD5s1grDz81ToqmxxtggNoY54cRgqPwmRiXjORA1H_eDsJ2SqlA2G4Z2nrvsb8OH1Re6Kw7ZMK4Q4Pj4pmjGS6SUP4=,1
gAAAAABnRuZgQLcWF2emJ5rKcuaN97Xg-5fFOZve4UtxOdHlU967Peq3rqYOHHI3nqwdu0qY8S8I_NY5V55Aqs8WmIzhUOOgv50C1V_5jacmQWI0apc2qVc=,1
gAAAAABnRuZfNw2q_9Xhpr7E0J7v2zkXPFAuQYeU1zvZSmfLL23EoH-iCUxqPNcMMDFuznQKjzpCUQTJP9A5kDyPG7RiZ5I0cImdlFE_nHnW-7xha4opE3A=,1
gAAAAABnRuZffcJ9oOPgcLyf-BSyqkJqb5ly5OsExk26bdySyK-cIlpLSqf2mjdkqZ6_tUu-SVBiI5TRNBrMaUNkW3FjHA6phEkQvuVWtAXaIJMu-ol9q3I=,1
gAAAAABnRuZg5tXSyx5utqg-MJiaOIqm2rX6v-rxWKOvTK9f6Jgd8RoRwoYjCx1l9T_0152hxrszbmWQLrkPpqBhjIOmMP4nmJJoKkbKPsX0BctNkdhiKoE=,1
gAAAAABnRuZh8G1cbGfTphw-UPyDdZVpg--Ef8wPy5oSp5zAZ2tDiAsJ0c56ZPFV8opjxUAkRkSjhNwxHM1x3mFcvtn_Libkn5gv4QhescInJMw8Sgn8M2c=,1
gAAAAABnRuZgi3Pu9tloL0lDcBs6jMaGsTwISfjH6Fd4V_ioln7_MoLOl9jzsmlLUm3ize3Xr2c0SA3DiYeNjL3i7jEXbOQP7zZK445moCz52EWfkzoeORQ=,1
gAAAAABnRuZhZ9JcpgrD9J6GhmqyAttxxZDLFXCfO4kaDvN0uKBBci-Mw_RBotJARPH7bcvqD0MJnYUIT8tH0MnvDqePfwYAa38_r6Q4jVrfX7A9nD4N4e8=,1
gAAAAABnRuZiR2XxcOh2wH6XxkGwWmZBkNE_Q6hD-xzz_IJuj4sJKlhLuqX7WtweFL33VVdLjy4ZMmSzPEa3j0gF3BqB4GjUSxJpSbuQ_-7-I_7wF2gbdRw=,1
gAAAAABnRuZgePtr-uavb9lAn0befRvDRfz8eXgDVpQYAp4D2yUVVRy_du8M0ob3EUyUPAuh932THbg42DZyOODeAJbmyuPpJ-eS8wSuj8RU8R_gyFcy2K0=,1
gAAAAABnRuZfnbPwO457_quLK7dFQAHn6p9vUCr7FQfUFnmDfw01R5pn7qKO-SKjGYdzKozK8sotFOwDQ0mgzD52dgbhVvaBSMftCT87CjcfJP7G5P6_HYs=,1
gAAAAABnRuZgGrZqGoqChCGvgi_L4QujFHLdovfEv4rLNuyVOicpR887ViUM7rqBBuf8MDiGIO12FDWC2q-imLh6UKq_FeIYt2RfZ1SYI77NspWuId_-ESA=,1
gAAAAABnRuZiXwRzTtGP9huvXuwBDIaS_U9D8bGROIBAyHUDLkvwEjD4c9RlzOxV1qdcmv-OTNXCtp9H3XDZK-sVAAqxPUHjjPmOVqvbAhzY4UheZlReATU=,1
gAAAAABnRuZiRg4xCTjJSwNlz9bK7YLDCWU8vjaQgBtdZEdgfpXHccbGKC98v1DyWR9YTWLmEfFjFlQkRsaY1oGchV2w04PTuNClYmRN8RkdRwG3L8VnYYI=,1
gAAAAABnRuZiHH5cOSTgnQjopEg8OPBuc4Mo2p_oGDynBOvJCjtRQnEuEOuJK5w1o7AqoNY5vmu0IN3RPkAQLrICg2Xr4MoZisYnd8gj7UnmVXaDKblxQKQ=,1
gAAAAABnRuZgk8oqQRvlWRPZ_U07z2r01hHL4yv4dZ16BQ0xEtrVqXQHh-2ixbDlouAZI7wNrvyMou0sd2UGwb2v3nMMH51tlgtv_BO60mNRftZvsAtgBjY=,1
gAAAAABnRuZgMVBakBoDIF53EMreJE-csEXsZQgzJp3m7Q9lHWPl_84vsOnXEhidpO813rBiTfi85u3z5Kbow3sriNJkYlKNrCtEUcdG7XW9TLOvGH4uUYc=,1
gAAAAABnRuZh8y1vbMbVKfcxyOLa6UipnrEPWCAs4FwmxcefYLEhnOX5n79lB6KZQf-dDcRABBzXzWXC8hy7y6aDTWku04fwvVSytX79SboArJk-i2ZYNO4=,1
gAAAAABnRuZg98tKQ7-jqcyeFAdVM4prIFqc687NQsYoi-xHMzPj4T9X7oi__cVX7ntohDm0Yvb0-onApUbSy3OQm59M46MQnaZ4XeLPxACT2A-dRjASYcc=,1
gAAAAABnRuZfGw7HPa7Hp6w9Q2BH-7Vah4vHJL_acm3zxvkoQTAwoLkHLqf3c-ZoaboQ4DCW_5WJcOHGrJ1p7oI_H-CL6smYTEgH2cNl3Wxrhoy97ecMYp0=,1
gAAAAABnRuZiE3PsExQke_r2ZVOu3pVs_kTp8r_stXdxBGbFaKsb6Ld4-CHfWVl-iZPwoth9ZgCJBigilLXy3SJEkBr9PJQ2V3NSY5piaEy8lS8hmO9Qo6o=,1
gAAAAABnRuZgf84gYHvjAZ62z0c67of1VRzQpnPWeTtKx42lNN7OC6NXhAqynIMX7YHoKcOjkKNK4t5iLwdpNuZAtY-FGOpDOQPrZKGapuSqq4zgo0CB65Q=,1
gAAAAABnRuZgG_yAEK1lvHQcfwGmV1JuN-3vmzYBCvNv5TCTn-F6BBbx_UqAjE53Ye4NJlmJZQV7-3T10zI7_Ardea-ifo4NIxrRPJ5ywywUJ7ctZPpoSBY=,1
gAAAAABnRuZhSxXOv61hZQtTjrv-4F-KaDcBUSvhgQbdboCWuVYs1VB6DRIao7wVPDd8IrLGqRM0FqlNxGeLqDwYvLSdRKM90yMRqBOLd6YPePC1BkVjMTY=,1
gAAAAABnRuZieeaQVlkbW0JseRNT8eBgkBU0ee37JL_ZYygXaXVWpopxvYNuLAXujAdjjEPjS0C484F_C0fBvlGTG-6vX7zNXXMQZNfDJUSLrrQW5MYko5U=,1
gAAAAABnRuZfRJ7LjxMCF5QAxlbv39-FqH-e5R4kxxVqdVQM0VSm2FcB4bLO6GaRlEikbCmuVavgBO5EE5ufdHvFDEMCdQ1W8G6N4sBpTCpi4I7oL6GBNrM=,1
gAAAAABnRuZfTCCGrbBpuYncsGiUGCkSyQZgGdGDOuCydI_r410gIEQ4acAJK4d93ISO21f9F6Fa0levy_nJLQtGN5-DysZUJ0e-hxDTNdqEJX_mNTSHMAI=,1
gAAAAABnRuZim34TMLc7ZGWHZyV-pzd1kxmbXcFKo4DNFXX2YQmfGKu9nPJCjvVZso-_5pyc6juI9iB7BpWN_YPisBSIh4kvNIr0bpO6dfO84X6Z8eiCjOc=,1
gAAAAABnRuZh_cA-pm42_oXrwlrAQhGlgdKcZUB1x3V2ST4NLfBXK8OtOa96XzIzRDgPFhSNUOfQadNmBLoVaG8VZ_5SDgUkg0junOrrpRLq3lWGZirr6fE=,1
gAAAAABnRuZgHOwnuvCy8Ru4q49_aIx5Bn-6IVH3eyvb_ZrlH39Ziw5Feqqm6mTBsIAFkzwvPU1AV4fEDa2ezetJCTpRiVlQZ-Ujs4D8JInBmP8FoSTtTT4=,1
gAAAAABnRuZho3knk1uZnScwowyGmeiMSbsLBBr3R5xIamthIUA4Mg4n8PGpj1tQfNEPZ-Udk1Hzc8qRqQsmtrD5a0WkIg3pNWg16IIaPrHNC_4jT6B08ZQ=,1
gAAAAABnRuZigRzMVfU5xzST9meOxlNSdUQMujkPp9tkRbtQPfO2Ka0D_RhOAGHQuuyivkke2WfZ_n2XJCV_AJLUIfeMW0pha1XNH9wtdrk9jpb3Oj71khk=,1
gAAAAABnRuZhUQFek9Eg2WTk1CCoTmFgU0VHX4ssvooBmcqbcAw22gCpdEm8ip-HiSFNZSVpSqCFJMuhIJX93Gztrl9v4rx7nCrbiFiNqDbwMR0vxE-SMSc=,1
gAAAAABnRuZghy3Q9ApKB0CS7wSCdxd30sTxTU2FvCC6CzGn3OBHMdwiHm79uFWlCPJ4sppq00qYFgYVob96bf2jsWGUVWfFw82LuWtyFlWxXx-DcBJ08Lk=,1
gAAAAABnRuZhtSsbJ1zGMgnbeR_YMIuvUACPy-RGlZ1BXhcP-oZ5csmgzq-JPlcOeRbggqIkAiX76VjQw6W-vBGcYdO7Kv5jSsr3ftmvoPTU9t_J9b0Xfqc=,1
gAAAAABnRuZi7YIyAwYq2Cn0LgFFu9tpfN7R0mHAW2jOLWjr5LmwVnX7fnhE0dzwo4vFX2vl6Dgdq_pVDrreAqx3_JoQF37QYDA_l4UMIJyJefo3wLvb6zw=,1
gAAAAABnRuZhtgFpRAiPI2PNJDFcHtkxcDkZyLgN9sH8pWNL4YQlFdZIjoPrziE8iDsDWNsNRpskZbmil7_mJh44IkB7scqxyeoMYSOgn_bbjytQ-k6f3fo=,1
gAAAAABnRuZgMOn0WCmpNMNRlSk4FZK2HUtXvCUcjLpF9Ygo3xCkksncU03k_FTwHISwnLBhQhjhgqkxz-3JbguV0RpXkW-1EVp7_G1NaaL3CV2Dutex4cE=,1
gAAAAABnRuZggLh9zN1bJT9UWgt89c5vp3lmNhSt2fXUqcmcdc3rFZPz0Z95VBChx89XxmDHzgX0pobzc4Y9qoaSpQJpYGN1aqarT1SVMQqX0B4ItC18Q8U=,1
gAAAAABnRuZf8uxBJtrfm4fG5RMus3MMB2V_BAc_qATTsEee7jC4VmLJ3eLTk9sgnmU8qs8FcTLDsfDyuRGKw-sg0VOVbIaTk6zktG3XF_WYUPEbW0cXN5M=,1
gAAAAABnRuZfoJHzfuJhyio-j8E555098xNC8DCPpbngdO1eDMv3YWjOaHotlSeQQjHbNRumDR23oA8zNLCSXeGcWDkAMYnQwuF5QP7A7KTfZhKAsppAvnM=,1
gAAAAABnRuZgEPy2TRnOxI12ZF9pusRhnrVpm2oPBhIsdMYdfr_BoZW8OEe5jRzlhl8nFcJSlP6P5i3zny1nL-QtYZgJfbMM8hNVEI85ApdRcq_oZa5yl04=,1
gAAAAABnRuZgXd821xvrrXcXdfjXTFTfPl9KWHvgdQdimn9-cZG2EtIQH0Zltg8JWyLFOMCvHVXt2aMhrnw_2mydhqnKOcp0_zDN3SjMC7rw6mmkrSUwW4U=,1
gAAAAABnRuZiyaNkHaZUL5n_xpQXJSIUW0DJ3862Nl6baiwtWodSUzPJQx2F-cc3LwABnam1-IpsEvHIiQ7RFuT9hmNerlT3WgsVk0sBJpLXzs2ooi-Wxu8=,1
gAAAAABnRuZgZ9tlW6dMdmlyuFlK9zEY8T7AEvJ8snmks8WfocV9cftCkvaxEQ7RTluXCK4xZ9II1hVj3_qr-G51ffhYnir4ewn3RJOo_ilJARUaBZkFIVw=,1
gAAAAABnRuZhB7V_Y_qMs_D7FqITcxLn4kxz2gKLu8_An5Yy0fQY5EG1okiG5HPhy4nSLj-6EqhQeIkbE-k43xOGGSAMJyVdqiiQwvNb12BoRAU64AinU8c=,1
gAAAAABnRuZggb-AUhjtxWHQ9qA8fYs9qkxu_13jD1y_vk1INBCIJJpOJjfU6hgFrsITfqS_2LleKtn84s8MTftVC_kUh2UYiXsDpj01PKRvIOfaVuj-ZGg=,1
gAAAAABnRuZhajXGpoGiedipWpsiPiau4znQoL1eaLeaPzuuS9UQuO3xTep6-87sxcOp_YuexPMrZfAigb6b37nPy4BJuJAz9x0IV1x83dK85DbcIKhKLXU=,1
gAAAAABnRuZh3sDlraHvOchD2WgZgi0g-2nKf9fiRMPrHvj2f7apvHpbUZ7PNL46qR-W34xjqbKXme_6NZ8AkC-5MeHJhcQtx07nyfLDSc_VTOHSLJzDCak=,1
gAAAAABnRuZgZmN1gsub58Yidu_fYyz4JumecCOrvnPLXP-1VtLDidDGRrLaYbod3yraNkHyd-Ux86nyAINma7oD87ZF4gW07sjDgL7PPfpHmOysNsUZqZw=,1
gAAAAABnRuZi-N9_5SGOhsTbJSpVEfIa52HckBpR2AWi1eD068YjJyT-XM1HJpAniR-38gQPRktAlSArN54idYDVLdF52jXhCy9aaZ1rUbhaNrrnvYkepJM=,1
gAAAAABnRuZityO1cXvUvB9tjN6hwucQ4bQQ_GbmchAw3xZNEQGrOWDCjCZkeh7S26EIQ-SKupokJgyjCwEEWIUAO8CP_HNbVOFkvXHomXFTj2V191w3OBY=,1
gAAAAABnRuZhezUQDKQB_qXNJZJuzmDpihlRsyPXpf3Mimj1LHvo_YA6qzQ8QakrauJUZVPyjNUKbEFSmcLO66WeVJtVUXooE-AgYWvlsffpqf0rAGV0JyA=,1
gAAAAABnRuZhRj2OUBgDEA831kSPWZUuJDD_S9VA17g4IJk25lkR8tP7b2eiXRZ5kR-DHGO4KilUOSr3zz4U0yBZEsfmeqnSbkL7wqkRYcmBApvUyOjV2wg=,1
gAAAAABnRuZf2xBGiIfEo3h9LQZqasGSEBQmb6W1XELjv1ZCjsd-OOD6TM0x95Sc72hAvit5xj_rdr3dej469YPTjhQUyK6wcU45DFy8fwkNNW7BR87XEw8=,1
gAAAAABnRuZgdU3h4NO2XBmTVQ6QMaq2_dUR4dFhvwkWeO4MNx9-Q-62POzUPEjDxv2otXK8IqHSOeTyAUxtYgzc82rxPX64tWjAG2-3N5DH4KeYGTtcfAU=,1
gAAAAABnRuZgfTq9uCCBNF96waCU43ypUx8vgBhi9ei-zThc09N_6r3v74yGmf7ODx3olno6FgU_dnvwB6fDgLrHPyK7lmufQWx2az2FBsXmMzyZXl1C3vc=,1
gAAAAABnRuZhzVvF7sHGuiq6PuQ3lrZPQw2wXphMrrCbA3R6vZHP29Sktb3hNTLcXZMxi5vzDnDOCyG97XEUagIEBqlljbU_TPhYnR9UNxiiINlSI6aR-BQ=,1
gAAAAABnRuZiwYqrtQ7VyHQGcvMyy2jGbkp4odCaRY8zUhuags_daaf_zpXbWJL3YPnd1eXnPIzJIukROo9Bt0JAZ0PypKDRHV9tA-yqZpI4XIbbGQNXJlw=,1
gAAAAABnRuZfIefpFl1TrCxlyRGBlz8tFpZOC9c8cIiypxpD5xPyorNah7d8rm8l6g_l4l52k7MsQk-9RLdqPjsSDkfrp3V9ZDsO6fF9ppVSOKdJpYTSMT8=,1
gAAAAABnRuZiaThmwijRJLyIx9stxoQypmt0V88FMxSzp5pDr8DjE-9L-cQ6br6WyNiZHcvh1qWrlsA7YfqftLCzkcF5TvFueNaGjxvYPrqGpn1M31D0Zks=,1
gAAAAABnRuZiUPVjHo5mzuclDBolbkIAj6dftPv__RiiGgu7YU9XuwQA8bpcsPC1kp-ZymRSjYCBMD1lNWPsuHAqW8EG-7Tq0MO3CcK5l9OIypq72Zp3k9s=,1
gAAAAABnRuZh4EZu5zi5sgIz58OZNhUzE39Hy3yyu_82VJOrmSTt4xe1baUtkb5QJ0lF3Ivubn5RKl1SLPjliUHJVs3xp8wIbqGHqm7Vtty4ifmtYdqgXps=,1
gAAAAABnRuZgsr2xqScjni061XWarZT1HX3KkOCnqJqMeTpTOQGxyBnc2xAV-0Onn8mvb2G4H50S0bHFN7rsCsXcYqOZ_IEixoEvoCKEVxFZGmB3uek172g=,1
gAAAAABnRuZgIUOW6OFarKmhsVFmJOIcB3xZx8zfh9tl-iAavJ8onLP2eSfKD9FEsh5manBEpqLJAcTcggzjrl9ojxA267qpFvAMXlmD_w3JpocOo2r_Bbo=,1
gAAAAABnRuZhK4EmyXVtbi69I_QZOP5YTx_Ma1iUEhDMQkOOkKvRz1beWSUjjGfuioHS8jpcwMLmJ9R3e9pFbSKqOnOxpPRQ5VznDkhFl1eeLWhqfJxqY5w=,1
gAAAAABnRuZgT3zKLsNIBddOW2RgFw6QWwbRwVzBRS8nG-lfxwJnLoA3zIk1gg_c9WvHEi7OfhHeNRfTXuXdOlS3DrjN2mP9qpDWCoW7A4aj6CNiKCL_nbI=,1
gAAAAABnRuZg9FsaQxwbpcBK0ihDpRxtt73pKNm3iGm35JRgHm90GuE-08HC08ptQ3N7Pl6wTK-1_zhe0pEAkJAQ69q1BxwFr8Iw9Zhr1GL8YjjJKIgr-rU=,1
gAAAAABnRuZgKn69z5RINrg8WDDr8-nvDsPTl2djQ-cxsZ5hXgSRZ8H_yHk-sPMkELKi1fJ0rEAvbGQA-qIGfLgPPHsDrqSt9dZp0_ZLy1Z3nl6K2kwex-4=,1
gAAAAABnRuZh73r3ROtI7_f6HUG2wxhDmyh8Ssl-i3zDkbY9e7FynnsxdhElam3AQO7H1H1FMjMqT2ksoCpRI7Nhy7mSzcg-ZoQLi9uUVis3aOu-sqv7ghI=,1
gAAAAABnRuZgaxz4_UCygpLKH1PM8E9JSH7X-KApOVbpB64eY5uiDBSPAUweguh1fgC2H9CJZvRVzO0KONCWu2znMYJCj_4W3GVxouOFluNHEem2mEKzqtI=,1
gAAAAABnRuZhTayKQLH3fbrqNs7Jm9Stj3AAYuodeK0IkvvZXdmdkGwLbexjc4uYtcNzH9QZm8rTAifzzrfmKzj-bElFEr16CCsjR7ZvNbwCzDeY50yDMJs=,1
gAAAAABnRuZimUBeLKxmYInFNTHYlJloX7I0ZgEcnzoyI0OvIr3vfrlNEVWDAkR_A7yqNdJXV7bpeF4bUcSdF2yEGXi47bQRGKCNeq9YtDhKIE6TJhvx2cc=,1
gAAAAABnRuZi9mZvYBrSP0M9-CKdSPTenWldTIvR4RJD2qDWSiDQNpPL5iEjeBcaPeRL107To-XPuTMlf5toOaKVFoJBAlyZAmEHdXp2yFgg7FY_bORdmbQ=,1
gAAAAABnRuZgGTBVFnUdt6-TiFaZQuR-NyDoGpslJfOuoB1g6w_er_qOzFMN2mkzbtX4yx9MNkl44DOa6m2PTZ9nUG_iPU0GaR1x5Y-V73LXBUfBlFlYV8c=,1
gAAAAABnRuZfIH30ISIIPtITUKpWQMiCUlT7DKNfXrEU8AvQm1fgnmH4gMhnyrst2iWZg_hu0E_YRX7zbXPJTUn16yvMzyq0FCPb3VPKtSspxhjs9UPaItA=,1
gAAAAABnRuZiYHwDde8oiRS_HtqZMKU9RRpiQDX6hvrI3SNr68myLf1HXcnNfbp8IPcvEkTyMnovAJkedmIoEAb0HU7YW-f8q7Bot5N4pLv6NEsQm0BJJek=,1
gAAAAABnRuZfhZ4mYAr-MlhgbEwCPpXGd52C-H1L3HXdYEWKpOT81uljkQ5SaJF6sDPimtPk9vX0fyL7NKmXYhJu3nZcaEzPuYNFJ_Epp6dZOAXX-HaB-18=,1
gAAAAABnRuZgNKurg2_iMFnHe73EMH2oDcA8ziUDP8VQZw5pCrawaSI97aSn9boPh7jeJKWza4cMcIyNI6Jg8r2RU9vP4RiViSIE909rQJSFCyAUDkCHW4M=,1
gAAAAABnRuZhfEJKZ0Ausi28xpSvC4wD3sX-5PEk6ZH67X3alAE42eToFCQmwEdDgg0jNY2_yq0YPCn8KmnvWKFqLfzGW4016YZ35PX3M7OG-H69UYzvgDA=,1
gAAAAABnRuZiNaSR7DLr_aoX7aV1pgnKkQBoqMPYmZSuRGjl5ojtyDpkGchOYuHrWsu4Rs6hab_iag55OEYIHge8qCgj6PuWFkA4LBwEwxLLejovyjK9qd0=,1
gAAAAABnRuZgx-teNavp8vPHvbj2SWoGok44R0zU6ijZUYinX6B7m78A6q6_jknm37MDAbCPycN2g7CkGQxsiAbQvABh-f2LZrpJsnquRDM3sLVFTS1fc5g=,1
gAAAAABnRuZgbhEzdgVDlR4fQheeS7FtP-FQtPR83eR51Ey6JKvQ7bOIRaOmDN79fdr9PREzPUv7t2J4WnynjS68M7RHtrONWIgAEyRKYIJ_2yMzDRXz-iY=,1
gAAAAABnRuZgLZBfp5eEpTOmkgd35m_wKudVPKkk0HMLK7_jHZkehAl-ytVt30SkNXKc2ca8cF8cnLyj5Z2yPL7SK_cpi2BwALGGdRpjb7illiGjQ74treQ=,1
gAAAAABnRuZg9lQw9e6dCJHguqrBna9tdPcdy246yus7DrVWZBOZFX-5Im9z3Eidm9aySAOlxvCBjCw2It4gQuZfrNLnvTDrOGui2FBvQj92JTT34ANQRIA=,1
gAAAAABnRuZhyelyE8WqTCpKslzwzl14S8g7uWKs1znwWC1SszHhA37MTGeYH-qq6lUB8H7LQH8Hf_UsyaqufKohnKfc3EcwnIA5zqFo-pJKpK3iVVXVJ9A=,1
gAAAAABnRuZhX1NQuWrqgr9LAoMgqtjgV4nL39wPBYqwIRbk2a7XrBya00Msikh3JOAQrDoYURAPvda0pxVMqIczXcHyoctVyCRYPrLkk0zhoHgZAUzDVfA=,1
gAAAAABnRuZfbU1Nc4VEVVevYCVW3pN1qfFy7lH-zi6UhxbQdQOlGvUfOwfadzyvKGakE-MHwGMuh8YE5TarKL1OnckK9Tq3NuiooUQe7vk3dOFLjONteWU=,1
gAAAAABnRuZgDRsDMYAI3pIqDLriGs9f2roKMUnRp8TcdQqxb1cBC5gzgecW1MQsMqqZfjPSXDnKQ9arJKtcmfj4lxu_NQLxWl-Ha9RtztwIXulmQeH0cQ0=,1
gAAAAABnRuZhsqXf7shn2vhIo16WiIGjxKAx4MsnN4ErU9I_h6umwrK1Lsb1ofACpBwoiv9UbRB4t8EdG--z7P3KpSjwyVJnVQpqDj75gHffXUF3enIhOx0=,1
gAAAAABnRuZhJFlAF6squ3i4u8ytxw8lpgIE-uHloPX7GwCOsqS9HSCJ7rTNLQCtnxeoAjztT9eHPfdy464GeleoBW1WtcPLU4qYBKypIFk9jjF5hYrg1HM=,1
gAAAAABnRuZg92CaPBjntpd__hqL1_R31gpfQHB45NUSD612CxUqCHWSHIS4wulXGd-uPNDsrqMka7gaL-Fw6NFC3Quf4ekvFD-PZB7PtGLvd7VWKElDXwQ=,1
